fname,lname,gender,age,exercise,level_of_fit,hours,level_of_study,grade,home_state
Marcia,Pugh,female,17,3,low,10,moderate,82.4,NJ
Kadeem,Morrison,male,18,4,low,4,low,78.2,MA
Nash,Powell,male,18,5,low,9,moderate,79.3,OH
Noelani,Wagner,female,14,2,high,7,moderate,83.2,FL
Noelani,Cherry,female,18,4,low,15,high,87.4,OH
Neil,Whitley,male,16,5,low,16,high,88.7,NJ
Nelle,Golden,female,17,1,high,9,moderate,80.2,PA
Armando,Hoffman,male,17,5,low,18,high,95.1,MI
Illiana,Rojas,female,15,5,low,9,moderate,76.5,LA
Neil,Wooten,male,15,3,low,15,high,89.7,TN
Daquan,Alvarez,male,16,2,high,13,high,85.2,NJ
Nola,Velazquez,female,15,2,high,10,moderate,75.3,PA
Quinn,Warren,female,14,4,low,12,moderate,80.7,WI
Frances,Velasquez,female,15,2,high,15,high,84.2,MS
Lareina,Poole,female,18,1,high,14,high,87.6,NC
Medge,Mccarthy,female,15,1,high,8,moderate,75.8,MN
Kibo,Gates,male,16,1,high,10,moderate,88.2,MT
Libby,Guzman,female,19,1,high,19,high,100,NH
Shelly,Rosario,female,18,4,low,13,high,84.3,GA
Lane,Tate,male,19,4,low,11,moderate,84.2,MD
Isadora,Case,female,18,3,low,11,moderate,79.1,WI
Maggy,Whitfield,female,15,1,high,15,high,90.5,FL
Elton,Wagner,male,16,2,high,9,moderate,71,GA
Lance,Benjamin,male,14,5,low,18,high,90.3,VA
Kyle,Skinner,male,17,5,low,6,moderate,82.4,NC
Colin,Cohen,male,14,1,high,10,moderate,83.8,FL
Solomon,Mcpherson,male,15,5,low,18,high,94.5,NY
Ulla,Warren,female,18,1,high,16,high,83.5,MN
Tyler,Collier,male,16,1,high,9,moderate,69.7,WI
Emma,Mccall,female,16,2,high,13,high,91.1,MA
Isaiah,Newman,male,16,2,high,12,moderate,91.9,MA
Carol,Acosta,female,16,3,low,13,high,85,FL
Georgia,Munoz,female,14,5,low,20,high,99,MA
Doris,Melendez,female,17,5,low,12,moderate,93.2,MD
Eric,Larsen,male,14,2,high,11,moderate,71.9,NC
Cain,Sexton,male,16,3,low,8,moderate,85.3,PA
Ivor,Arnold,male,19,4,low,20,high,100,MD
Devin,Jacobs,male,14,3,low,14,high,98.1,MD
Rebekah,Brock,female,16,2,high,5,low,68.9,MS
Cameran,Sears,female,14,4,low,8,moderate,75.4,PA
Norman,Cunningham,male,17,2,high,10,moderate,76.8,FL
Lenore,Copeland,female,14,4,low,8,moderate,74,MI
Keelie,Guerrero,female,15,1,high,12,moderate,81,CA
Hilel,Hamilton,male,15,2,high,17,high,95.2,CO
Dolan,Ford,male,14,3,low,3,low,64.2,NJ
Rhea,Melton,female,18,5,low,12,moderate,95,NY
Fulton,Castaneda,male,14,3,low,10,moderate,71.2,NY
Kiayada,Bullock,female,18,3,low,11,moderate,74.9,AZ
Aurelia,Clayton,female,14,5,low,3,low,72.1,DE
Nero,Klein,male,18,2,high,10,moderate,87.8,NY
Aladdin,Chambers,male,19,4,low,11,moderate,82.6,MA
Beau,Goff,male,19,2,high,15,high,85.1,MD
Octavius,Walker,male,15,2,high,11,moderate,81.3,TX
Allen,Livingston,male,18,5,low,13,high,89.4,MA
Basil,Fuller,male,16,3,low,9,moderate,86.4,MI
Reese,Kline,male,16,4,low,11,moderate,83.5,NY
Tate,Dunlap,male,17,2,high,6,moderate,67.7,OH
Jonah,Sosa,male,14,5,low,12,moderate,89.9,AL
Ingrid,Harvey,female,16,5,low,5,low,72.6,KY
Tanner,Vaughn,male,17,4,low,11,moderate,89.1,NJ
Oleg,Mooney,male,16,3,low,10,moderate,71.3,VA
Piper,Lowery,female,19,2,high,5,low,61.4,PA
Genevieve,Adkins,female,15,1,high,8,moderate,67.3,IN
Lilah,Roman,female,19,4,low,9,moderate,85.9,KS
Illiana,Thompson,female,15,3,low,17,high,86,CT
Warren,Pope,male,18,4,low,5,low,76.3,NJ
Regan,Foley,female,16,2,high,9,moderate,77.4,MD
Justin,Morris,male,19,5,low,10,moderate,77.5,PA
Isaiah,Patrick,male,19,4,low,3,low,65.3,MD
Daryl,Benson,female,19,1,high,18,high,93.8,FL
Barbara,Berger,female,16,3,low,12,moderate,82.7,TX
Christine,Briggs,female,14,5,low,18,high,91.9,CT
Iola,Bowers,female,19,3,low,11,moderate,88.4,IL
Lars,Oconnor,male,18,4,low,8,moderate,67.9,MA
Jaden,Maldonado,female,16,4,low,10,moderate,84.5,TN
Signe,Lopez,female,18,2,high,13,high,76.7,IA
Deanna,Warren,female,19,1,high,9,moderate,83.2,SC
Quemby,Justice,female,14,2,high,17,high,100,GA
Shafira,Guthrie,female,17,4,low,12,moderate,85.3,PA
Ariana,Pacheco,female,17,1,high,5,low,70.9,PA
Hoyt,Lyons,male,16,5,low,1,low,71.3,NY
Justin,Holden,male,18,3,low,17,high,83.5,CA
Phelan,Rich,male,16,1,high,6,moderate,74.9,NC
Honorato,Villarreal,male,14,1,high,12,moderate,73.3,IL
Hashim,Hopkins,male,18,3,low,10,moderate,77.9,PA
Porter,Ware,male,14,1,high,16,high,90.4,NY
Joan,Sexton,female,18,5,low,18,high,96.6,HI
Alexa,Gutierrez,female,17,4,low,6,moderate,81.2,FL
Sean,Molina,male,17,1,high,8,moderate,67.7,GA
Lucius,Herrera,male,14,2,high,19,high,88,MA
Sydnee,Campbell,female,18,2,high,15,high,99.4,GA
Allistair,Rosales,male,14,4,low,3,low,67,OK
Alyssa,Craig,female,19,5,low,11,moderate,93,WV
Cody,Lara,male,18,1,high,6,moderate,69,OH
Bernard,Mcconnell,male,14,2,high,10,moderate,78.3,GA
Jonah,Mckinney,male,15,2,high,11,moderate,74.9,SC
Yen,Cooke,female,14,4,low,11,moderate,87.9,CA
Cassidy,Hughes,female,15,3,low,17,high,92,VA
Gisela,Johnston,female,19,1,high,8,moderate,68,OR
Yetta,Howell,female,17,3,low,13,high,89.2,OH
Gabriel,Morton,male,16,2,high,15,high,91.3,NV
Sage,Cleveland,female,19,2,high,20,high,100,AL
Shannon,Key,female,15,1,high,11,moderate,83.7,NJ
Sigourney,Mitchell,female,14,2,high,12,moderate,82.5,PA
Adrienne,Klein,female,18,3,low,12,moderate,77.3,GA
Chaney,Hoffman,male,14,3,low,13,high,93.6,NY
Fritz,Park,male,14,2,high,18,high,93.2,PA
Clinton,Donaldson,male,16,5,low,10,moderate,88.4,GA
Lara,Haley,female,17,5,low,12,moderate,95.6,FL
Sophia,Gordon,female,19,4,low,17,high,100,OR
Kaye,Howard,female,19,5,low,13,high,94.9,MA
Quinlan,Rollins,male,15,5,low,8,moderate,73.3,NY
Xanthus,Barlow,male,19,5,low,16,high,95.5,FL
Hamilton,Terrell,male,15,5,low,16,high,96.6,IN
Zeus,Ratliff,male,14,2,high,16,high,88.8,MA
Valentine,Osborne,male,19,5,low,12,moderate,92.2,OH
Zahir,Watkins,male,14,2,high,14,high,92,GA
Debra,Wilkerson,female,16,4,low,5,low,66.3,GA
Clio,Wilson,female,14,1,high,5,low,65.3,CT
Cathleen,Hayden,female,18,4,low,3,low,73.4,LA
Yolanda,Vaughan,female,14,2,high,15,high,94,GA
Guinevere,Romero,female,18,5,low,14,high,84.2,OH
Keelie,Rice,female,19,4,low,9,moderate,88.4,MI
Bethany,Sullivan,female,15,3,low,9,moderate,73.1,NC
Salvador,Gray,male,14,1,high,13,high,84.2,KY
Violet,Jennings,female,14,1,high,5,low,62.6,IN
Lewis,Jones,male,15,5,low,11,moderate,92.6,MI
Lunea,Mcfadden,female,17,1,high,17,high,91.6,FL
Shaeleigh,Clayton,female,19,2,high,12,moderate,92.4,CA
Nathan,Payne,male,15,1,high,8,moderate,79.1,TX
Stella,Smith,female,14,1,high,6,moderate,76.2,WV
Kelly,Shannon,male,18,5,low,14,high,90.9,NY
Yael,Mcdowell,female,18,3,low,16,high,85.2,NC
Zena,Schultz,female,19,3,low,12,moderate,80.1,IL
Chaney,Harrington,male,19,4,low,11,moderate,89.3,CA
Conan,Wall,male,19,3,low,6,moderate,66.8,PA
Jamalia,Bowman,female,16,1,high,13,high,77.8,MI
Shana,Castro,female,14,1,high,14,high,95,IN
Merrill,Duran,male,17,2,high,10,moderate,76.3,IN
Gregory,Lawrence,male,19,3,low,14,high,86.8,GA
Rebecca,Bird,female,19,2,high,7,moderate,82.5,IL
Sheila,Koch,female,15,5,low,13,high,97.1,NY
Dane,Flynn,male,18,5,low,12,moderate,87.4,GA
Connor,Salas,male,19,5,low,17,high,90.7,NY
Baxter,Hardy,male,14,5,low,9,moderate,75.1,NJ
Jorden,Sharp,female,17,4,low,12,moderate,90.2,NY
Hu,Weber,male,17,3,low,9,moderate,84.2,CT
Maite,Walters,female,16,3,low,10,moderate,74,OH
Alfreda,Mays,female,15,4,low,7,moderate,71.6,FL
Dexter,Wells,male,16,3,low,5,low,68.9,WV
Sawyer,Hart,male,19,4,low,8,moderate,69.4,MS
Maggie,Rich,female,19,2,high,11,moderate,77.3,IN
Hashim,Callahan,male,16,1,high,11,moderate,71.8,NY
Darius,Gilbert,male,19,3,low,9,moderate,86.3,GA
Rosalyn,Le,female,18,1,high,14,high,88.3,NC
Jordan,Holt,male,18,3,low,4,low,72.1,NY
Chase,Flynn,male,19,3,low,7,moderate,81.1,NJ
Jane,Welch,female,15,3,low,16,high,93.7,LA
Grant,Strickland,male,19,1,high,6,moderate,79,LA
Darius,Miranda,male,19,1,high,16,high,93.3,AL
Arthur,Pacheco,male,15,3,low,14,high,96.9,IN
Hedda,Ramos,female,16,5,low,5,low,82.3,NY
Farrah,Palmer,female,15,5,low,11,moderate,91.3,MD
Bree,Weaver,female,16,4,low,12,moderate,83.3,IL
Elton,Preston,male,17,4,low,20,high,97.8,NJ
Ciaran,Johns,male,16,4,low,15,high,100,MD
Miranda,Le,female,19,3,low,10,moderate,80.6,MD
Geraldine,Farrell,female,16,3,low,10,moderate,84.9,NJ
Callie,Hoffman,female,15,3,low,9,moderate,71.9,IL
Jelani,Kaufman,male,14,3,low,14,high,94.1,GA
Solomon,Rosales,male,19,3,low,17,high,91.1,SC
Callie,Washington,female,17,2,high,7,moderate,77,MI
Carson,Meadows,male,17,5,low,8,moderate,75.4,VA
Joseph,Mclean,male,16,1,high,14,high,81.8,SD
Britanni,Tucker,female,19,1,high,13,high,89.7,FL
Raja,Stuart,male,14,1,high,13,high,82.5,NJ
Quail,Bonner,female,18,5,low,6,moderate,68,CA
Dana,Deleon,female,18,1,high,14,high,82.7,PA
Evangeline,Cox,female,14,5,low,13,high,88.9,NY
Slade,Padilla,male,17,5,low,16,high,93.1,NJ
Latifah,Daugherty,female,18,5,low,6,moderate,81,SC
Beverly,Benson,female,14,4,low,17,high,89.7,MI
Solomon,Beach,male,14,4,low,13,high,90.3,MA
Nyssa,George,female,19,2,high,10,moderate,80.2,NJ
Lars,David,male,14,1,high,16,high,84.3,KY
Halla,Newman,female,16,3,low,8,moderate,80.5,WI
Gay,Wagner,female,17,4,low,7,moderate,75,MI
Ariana,Hess,female,15,4,low,14,high,99.1,FL
Victor,Mcdonald,male,15,2,high,11,moderate,76.4,PA
Jocelyn,Brock,female,15,2,high,7,moderate,72.7,OH
Hoyt,Salazar,male,19,4,low,14,high,89.9,TN
Mohammad,Drake,male,18,2,high,18,high,99.6,MS
Russell,Eaton,male,17,4,low,9,moderate,73.4,OH
Chava,Carey,female,18,4,low,14,high,91.5,CT
Danielle,Wade,female,19,2,high,6,moderate,64.3,OH
Hector,Aguilar,male,14,1,high,9,moderate,68.8,NJ
Ocean,Koch,female,19,4,low,12,moderate,88,PA
Jescie,Snyder,female,17,3,low,5,low,77,MI
Ciara,Burris,female,18,4,low,14,high,88,PA
Nigel,Morris,male,16,2,high,11,moderate,77,IA
Michelle,Webster,female,19,1,high,11,moderate,90.3,GA
Maris,Holt,female,14,2,high,6,moderate,68.2,MD
Jarrod,Calderon,male,19,1,high,12,moderate,79.6,FL
Hanna,Rose,female,14,3,low,15,high,90.8,NJ
Timon,Goodman,male,19,4,low,20,high,98,PA
Ginger,Stevens,female,18,1,high,14,high,84.6,NJ
Nathan,Gonzales,male,16,1,high,8,moderate,74.3,KY
Madaline,Ayala,female,15,1,high,8,moderate,78.2,FL
Dante,Malone,male,18,4,low,12,moderate,87.3,GA
Colette,Workman,female,15,2,high,12,moderate,81.1,NJ
Keith,Zimmerman,male,14,3,low,10,moderate,86,MD
Channing,Stark,male,16,3,low,7,moderate,65.3,NJ
Dexter,Knowles,male,18,5,low,7,moderate,75.2,NJ
Kermit,Raymond,male,17,4,low,13,high,90.8,SC
Anthony,Bishop,male,19,2,high,5,low,61.6,AL
Keaton,Velazquez,male,14,1,high,9,moderate,72.7,SC
Adam,Ray,male,18,4,low,8,moderate,74.9,IA
TaShya,Cote,female,15,5,low,10,moderate,87.5,MA
Breanna,Silva,female,16,5,low,12,moderate,86,FL
Xanthus,Schmidt,male,19,2,high,12,moderate,88.9,NY
Audrey,Coffey,female,19,1,high,14,high,90.5,GA
Marshall,Cooke,male,18,5,low,13,high,86.3,NH
Destiny,Hansen,female,18,1,high,17,high,91.9,TN
Conan,Kirkland,male,15,5,low,11,moderate,85.2,OH
Venus,Navarro,female,14,1,high,12,moderate,77,WV
Naida,Delacruz,female,17,2,high,9,moderate,70.3,MA
Uriah,Cummings,male,18,3,low,20,high,100,PA
Barry,Mcgowan,male,16,3,low,8,moderate,69.3,NC
Hall,Flynn,male,18,2,high,6,moderate,71.9,SC
Harriet,Harvey,female,15,3,low,8,moderate,76.1,OH
Christopher,Arnold,male,19,2,high,6,moderate,77.9,VA
Regina,Hays,female,18,3,low,13,high,94.7,GA
Nicole,Castillo,female,18,2,high,8,moderate,80.5,MD
Devin,Snider,male,16,1,high,12,moderate,88.5,MA
Natalie,Delaney,female,16,4,low,18,high,90.8,PA
Rahim,Nicholson,male,16,4,low,11,moderate,76.1,PA
Teagan,Mullins,female,15,1,high,12,moderate,91.3,MD
Jenette,Moon,female,16,5,low,12,moderate,81,TX
Brenna,Morse,female,17,3,low,16,high,89,NC
Hayley,Wolf,female,14,1,high,10,moderate,87.3,VA
Allistair,Jenkins,male,17,2,high,11,moderate,80.8,WI
Jackson,Hester,male,14,5,low,11,moderate,79.5,IN
Sylvia,Logan,female,19,5,low,9,moderate,73.2,WI
Dante,Terrell,male,14,4,low,4,low,63.4,NY
Wynne,Herring,female,15,2,high,8,moderate,71.4,MD
Lester,Russell,male,18,5,low,14,high,82,WA
Sage,Donovan,female,14,4,low,12,moderate,77.4,PA
Raja,Cox,male,14,2,high,17,high,90.6,SC
Ciara,Rivers,female,17,2,high,11,moderate,86.8,NY
Phyllis,Walters,female,18,4,low,19,high,100,GA
Kennedy,Ryan,male,15,1,high,10,moderate,83,MD
Shaeleigh,Gallagher,female,16,2,high,11,moderate,81.7,KY
Rose,Middleton,female,15,2,high,20,high,100,MD
Portia,Campbell,female,18,5,low,10,moderate,80.9,NY
Kasper,Hammond,male,17,3,low,10,moderate,71.9,KY
Lamar,Day,male,17,4,low,17,high,95,CT
Rylee,Ward,female,18,2,high,9,moderate,88.4,MI
Kasimir,Peck,male,15,4,low,4,low,75,IL
Xyla,Roman,female,14,3,low,16,high,87.9,NJ
Gavin,Deleon,male,16,5,low,9,moderate,77.9,AL
Shellie,Moreno,female,14,1,high,13,high,84.4,SC
Lydia,Oneal,female,14,2,high,5,low,78.1,FL
Cain,Russo,male,19,1,high,10,moderate,83.6,TN
Megan,Kennedy,female,16,4,low,11,moderate,90.4,MS
Noah,Cote,male,14,2,high,13,high,84.3,NC
Wynne,Downs,female,18,5,low,3,low,76,ME
Caldwell,Shaw,male,14,3,low,15,high,95.3,CT
Keith,Dominguez,male,14,3,low,9,moderate,84.2,MN
Alma,Hewitt,female,17,4,low,15,high,99.3,VA
Josephine,Lynn,female,18,3,low,15,high,99.2,MD
Forrest,Rollins,male,17,2,high,19,high,87.2,AZ
Perry,Ramsey,male,18,4,low,8,moderate,87.5,MA
Cody,Merritt,male,19,5,low,5,low,75.3,UT
Camden,Day,male,15,4,low,8,moderate,82.7,IL
Eve,Mayer,female,17,4,low,15,high,83.7,MD
Leslie,Kaufman,female,18,3,low,18,high,90.3,CA
Declan,Hinton,male,15,2,high,12,moderate,76.5,GA
Roth,Patrick,male,14,2,high,13,high,90.4,NC
Nathan,Phillips,male,15,4,low,8,moderate,71.2,MI
Elvis,Watkins,male,14,2,high,11,moderate,80.7,SC
Germaine,Nunez,female,18,2,high,15,high,95.2,PA
Audra,Combs,female,17,5,low,12,moderate,78.5,OH
Lavinia,Marshall,female,17,3,low,9,moderate,74.6,MS
Kadeem,Garcia,male,15,2,high,10,moderate,73.3,IL
Roth,Dickson,male,16,5,low,12,moderate,77.6,NY
Chava,Meadows,female,16,4,low,11,moderate,93,MI
Mary,Estrada,female,18,2,high,9,moderate,74,SC
Dylan,Espinoza,male,19,4,low,10,moderate,74.1,MD
Haley,Cruz,female,18,1,high,4,low,71.1,NJ
Thomas,Dotson,male,14,5,low,11,moderate,84,OH
Jayme,Chang,female,15,4,low,6,moderate,78.4,NC
Hall,Rowland,male,18,2,high,14,high,92.2,MD
Amanda,Vincent,female,15,4,low,10,moderate,88.5,RI
Ria,Bowen,female,15,2,high,5,low,76.5,MI
Illiana,Branch,female,14,5,low,4,low,69.8,FL
Vanna,Mccarthy,female,16,5,low,9,moderate,76.5,ND
Nathan,Gutierrez,male,17,4,low,12,moderate,77.1,PA
Jane,Allison,female,17,2,high,11,moderate,74.5,NJ
Christopher,Warner,male,14,2,high,15,high,84.5,MS
Fiona,Higgins,female,18,1,high,11,moderate,77.5,IL
Jemima,Vargas,female,17,1,high,8,moderate,74.9,NC
Raven,Mendez,female,18,5,low,13,high,87,WI
Quintessa,Boyle,female,16,3,low,3,low,69.4,IL
Kamal,Walton,male,14,1,high,17,high,100,MA
Cassandra,Barton,female,18,4,low,12,moderate,79.5,NJ
Hayes,Ellis,male,19,1,high,5,low,74,WI
Jana,Schroeder,female,14,5,low,9,moderate,82.6,GA
Janna,King,female,15,1,high,6,moderate,77,MN
Britanni,Fletcher,female,15,1,high,10,moderate,80.7,AZ
Hanna,Dorsey,female,19,2,high,14,high,96.6,GA
Honorato,Hogan,male,17,1,high,19,high,90.1,IL
Jane,Reed,female,15,1,high,9,moderate,72.5,WI
Nita,Rios,female,19,1,high,15,high,80.4,FL
Zena,Kirk,female,18,3,low,12,moderate,89,KY
Cally,Garrison,female,17,3,low,7,moderate,84.7,NY
Nissim,Oconnor,male,16,5,low,14,high,94.7,NJ
Nicole,Webb,female,14,3,low,14,high,94.2,CT
Todd,Cunningham,male,16,1,high,16,high,81.4,IL
Rina,Combs,female,17,3,low,13,high,84.2,AL
Price,Tran,male,17,2,high,10,moderate,74.1,CT
Shad,Walker,male,17,3,low,10,moderate,78.7,WA
Lysandra,Copeland,female,19,5,low,19,high,100,FL
Rhiannon,Terrell,female,14,2,high,13,high,88.9,MD
Jackson,Williamson,male,15,1,high,10,moderate,75.3,GA
Leigh,Jones,female,18,3,low,4,low,74.5,WI
Thor,Ramos,male,17,3,low,18,high,100,OH
Reese,Morales,male,19,2,high,8,moderate,71.2,SC
Ray,Randall,male,16,4,low,10,moderate,73.2,AL
Tasha,Wilkins,female,15,4,low,16,high,99.2,NC
Yoko,Cain,female,16,4,low,16,high,96.5,NY
Curran,Petersen,male,14,5,low,8,moderate,72.9,NY
Garrison,Carson,male,17,4,low,6,moderate,81.2,PA
Judith,Perez,female,17,5,low,12,moderate,93.1,FL
Hammett,Rios,male,17,1,high,7,moderate,78.8,OH
Flynn,Berger,male,17,2,high,10,moderate,84.9,MA
Steven,Everett,male,17,3,low,12,moderate,79.3,PA
Lucy,Rodriquez,female,16,2,high,10,moderate,79.6,MI
Orlando,Osborne,male,19,4,low,8,moderate,69.3,MD
Micah,Wolfe,male,14,4,low,11,moderate,83.2,MS
Lunea,Harper,female,17,4,low,11,moderate,92.3,MI
Abbot,Hall,male,16,4,low,3,low,58.9,NC
Zia,Ratliff,female,19,2,high,19,high,88.4,NY
Charissa,West,female,18,4,low,6,moderate,69.9,NY
Athena,Collins,female,17,1,high,4,low,71.3,WA
Fuller,Christian,male,15,5,low,9,moderate,82,NY
Shelley,Nielsen,female,15,5,low,10,moderate,88.1,IL
Hamish,Carey,male,17,1,high,6,moderate,75.6,VA
Jayme,Santiago,female,16,3,low,6,moderate,77.1,PA
Isaiah,Harrell,male,17,5,low,7,moderate,75.8,OH
Rudyard,Horton,male,19,3,low,13,high,77.5,GA
Georgia,Hensley,female,16,5,low,11,moderate,87.4,NY
Nehru,Ballard,male,14,1,high,19,high,93.3,MI
Ciara,Valdez,female,19,4,low,7,moderate,73.1,MN
Keelie,Sparks,female,14,5,low,16,high,99.5,IL
Evan,Ball,male,14,2,high,9,moderate,80.7,PA
Kadeem,Marshall,male,17,5,low,18,high,100,CA
Luke,Santana,male,17,1,high,0,,75,IN
Sara,Gonzalez,female,14,2,high,6,moderate,72.4,NY
Rhiannon,Douglas,female,16,3,low,15,high,82.5,RI
Margaret,Mitchell,female,19,2,high,14,high,94.9,FL
Nomlanga,Hoover,female,18,1,high,11,moderate,80,NJ
Jescie,Horne,female,18,0,high,16,high,83.4,GA
Claire,Wheeler,female,14,2,high,14,high,90.4,NY
Madeson,Wilkins,female,15,4,low,16,high,98,NC
Prescott,Kaufman,male,15,1,high,17,high,96.3,PA
Kaitlin,Solomon,female,17,1,high,8,moderate,66.4,NJ
Yardley,Horne,male,18,1,high,10,moderate,79.6,IL
Hasad,Rice,male,19,4,low,16,high,95.9,NH
Tana,Rodgers,female,15,5,low,15,high,96.6,CO
Mufutau,Dawson,male,17,5,low,14,high,99.9,SC
Paul,Haley,male,18,5,low,17,high,84.2,SC
Bryar,Melendez,female,18,5,low,12,moderate,93.4,NY
Arthur,Morse,male,19,1,high,14,high,80.2,MA
Inga,Sharpe,female,17,1,high,5,low,74.1,PA
Steel,Solomon,male,16,4,low,13,high,87.3,MN
Brianna,Trevino,female,18,3,low,13,high,82.6,TX
Noah,Blanchard,male,14,2,high,14,high,88.1,MI
Kelsie,Diaz,female,15,4,low,15,high,93.9,NJ
Jacob,Finch,male,15,2,high,14,high,87.1,FL
Baker,Winters,male,15,2,high,14,high,89.8,OH
Jael,Knapp,female,14,3,low,15,high,83.7,NY
Norman,Kinney,male,15,3,low,14,high,88,NJ
Jacob,Gray,male,15,3,low,17,high,100,NJ
Cynthia,Hurley,female,16,4,low,12,moderate,81,PA
Elijah,Bell,male,19,5,low,16,high,88.4,FL
Isaiah,Avery,male,15,3,low,9,moderate,82.3,FL
Miriam,Jacobson,female,17,2,high,10,moderate,77.8,MI
Hiroko,Koch,female,17,4,low,15,high,90.4,IL
Colton,Ochoa,male,17,1,high,4,low,60.3,MA
Caldwell,Dorsey,male,17,5,low,9,moderate,79.1,TN
Pandora,Dickerson,female,15,2,high,3,low,70.5,MA
Thomas,Boyer,male,17,4,low,17,high,89.9,IA
Phelan,Mcmillan,male,17,3,low,17,high,98,MD
Gabriel,Jordan,male,16,4,low,2,low,62,PA
Kamal,Dodson,male,17,4,low,7,moderate,77.6,FL
Holmes,Lawson,male,18,2,high,16,high,98.7,VA
Preston,Church,male,17,1,high,8,moderate,66.1,NJ
Chester,Becker,male,19,3,low,14,high,89.4,MT
Quamar,Delaney,male,15,4,low,11,moderate,91.3,GA
Amery,Mcmahon,male,19,3,low,12,moderate,84.2,MD
Vance,Cherry,male,17,2,high,6,moderate,65.1,CA
Lee,Ramsey,female,19,1,high,10,moderate,86.5,MN
Malik,Vega,male,19,2,high,10,moderate,72.3,MN
Dana,Weaver,female,14,3,low,6,moderate,67.3,GA
Kelly,Crane,male,14,2,high,8,moderate,80.6,MN
Ryan,Petersen,male,16,5,low,11,moderate,81.3,MN
Brett,Wilkerson,male,18,2,high,7,moderate,76,PA
Veda,Gilbert,female,18,4,low,12,moderate,82.5,NJ
Ezekiel,Alexander,male,16,5,low,8,moderate,81.5,SC
Ulla,Marshall,female,17,2,high,12,moderate,81,KY
Linda,Baldwin,female,16,5,low,2,low,59,IA
Ulysses,Huber,male,14,1,high,7,moderate,66.6,MD
Tana,Frye,female,17,3,low,6,moderate,81.2,IA
Kaye,Potts,female,19,1,high,5,low,66.6,GA
Marshall,Reeves,male,15,4,low,11,moderate,83,MO
Hedley,Rodriguez,male,15,3,low,8,moderate,78.3,IL
Gillian,Cunningham,female,19,5,low,13,high,82.9,NC
Nadine,Jacobson,female,17,4,low,11,moderate,75.5,IL
Nathan,Ferrell,male,16,2,high,13,high,77.5,NJ
Amethyst,Christensen,female,15,5,low,6,moderate,80.4,NJ
Nigel,Wilkins,male,19,5,low,10,moderate,90,MN
Nigel,Mclean,male,18,4,low,12,moderate,77.6,NY
Dara,Weber,female,15,3,low,11,moderate,85.7,IN
Neil,Beck,male,16,2,high,18,high,91.4,TN
Mollie,Ryan,female,15,1,high,14,high,97.2,DE
Yolanda,Hanson,female,15,4,low,16,high,94.3,FL
Sonia,Jacobson,female,18,1,high,14,high,88.2,IL
Dustin,Chambers,male,17,5,low,15,high,94.7,NY
Berk,Austin,male,19,5,low,11,moderate,88.1,MI
Scott,Snow,male,16,4,low,5,low,77.2,SC
Nicole,Harrell,female,18,4,low,10,moderate,76.7,CA
Myra,Wilkinson,female,14,5,low,14,high,86.2,MA
Shoshana,Moses,female,14,3,low,13,high,87.4,MD
Asher,Sloan,male,17,5,low,7,moderate,70.2,PA
Kaden,Grant,female,17,5,low,14,high,100,FL
Aaron,Knowles,male,16,4,low,11,moderate,88.7,GA
Chester,Stuart,male,19,2,high,5,low,65.3,AL
Quin,Prince,female,18,5,low,15,high,92.4,MN
Jared,Randall,male,19,1,high,11,moderate,89,FL
September,Hoffman,female,16,3,low,11,moderate,82.8,NY
Maxwell,Carver,male,15,1,high,11,moderate,81.8,NJ
Miranda,Donovan,female,16,2,high,4,low,63.7,FL
Shaine,Harrell,female,14,1,high,11,moderate,90.3,NJ
Craig,Sweeney,male,15,4,low,10,moderate,88.1,IL
Claudia,Bradshaw,female,19,4,low,10,moderate,80.4,NY
Adria,Bender,female,19,1,high,7,moderate,76.8,MO
Alfonso,Petersen,male,17,5,low,11,moderate,88.8,VA
Henry,Chang,male,18,2,high,16,high,94.6,SC
Zachery,Dorsey,male,16,4,low,15,high,85.5,SC
Barclay,Finley,male,18,4,low,11,moderate,86.9,KY
Audra,Stout,female,14,5,low,10,moderate,85.1,IL
Ila,Mooney,female,14,5,low,12,moderate,93.8,NY
Felix,Spears,male,16,2,high,11,moderate,76.5,PA
Roanna,Hoover,female,17,5,low,15,high,94.2,GA
Audra,Murphy,female,18,1,high,12,moderate,74.2,MA
Isaac,Gray,male,16,5,low,12,moderate,81,VA
Laura,Shannon,female,16,4,low,13,high,82.4,ND
Myra,Parrish,female,19,5,low,15,high,100,NY
Iola,Fernandez,female,17,1,high,14,high,81.6,FL
Inez,Stephenson,female,17,5,low,17,high,100,IL
Kyra,Love,female,19,2,high,12,moderate,93,MA
Emery,Shepherd,male,14,5,low,11,moderate,89,AR
Sade,Juarez,female,18,3,low,5,low,61.1,IA
Aline,Bond,female,18,4,low,6,moderate,68.2,NJ
Cyrus,Kelley,male,19,5,low,13,high,81.8,NY
Patrick,Bell,male,19,1,high,11,moderate,85,FL
Kuame,Gordon,male,18,1,high,16,high,83.5,NC
Yvette,Coleman,female,18,4,low,17,high,89.8,MD
Ronan,Howell,male,19,3,low,4,low,68,MN
Courtney,Bryan,female,16,5,low,15,high,88.3,FL
Tate,Fletcher,male,15,3,low,12,moderate,87.2,NY
Pascale,Freeman,female,16,5,low,15,high,96.4,CO
Morgan,Ayala,female,14,5,low,4,low,73,IL
Declan,Manning,male,18,4,low,16,high,100,PA
Dana,Vang,female,17,4,low,14,high,88.7,MD
Orlando,Mcguire,male,15,1,high,13,high,84.4,NY
Giselle,Estes,female,15,1,high,6,moderate,65.9,OH
Ryan,Hodge,male,17,1,high,4,low,60.9,SC
Kylee,Santana,female,18,4,low,10,moderate,90.3,MA
Laith,Henderson,male,19,1,high,6,moderate,67.4,VA
Sarah,Gibbs,female,15,5,low,9,moderate,71.3,MD
Hiroko,Parsons,female,14,3,low,17,high,95.4,NY
John,Branch,male,15,2,high,17,high,86.5,IL
Inez,Vargas,female,16,2,high,19,high,93.4,KY
Ciaran,Brady,male,19,3,low,3,low,62.5,WI
Elvis,Stewart,male,16,5,low,8,moderate,85.1,ME
Elton,Sanchez,male,16,4,low,9,moderate,70.1,NJ
Bertha,Waller,female,19,5,low,8,moderate,80.5,PA
Cameron,Craig,female,16,4,low,11,moderate,76.7,FL
Griffin,Woodward,male,19,5,low,14,high,92.5,MS
Savannah,Sherman,female,14,3,low,16,high,87.3,CT
Sydnee,Carpenter,female,14,4,low,11,moderate,75.3,OH
Clarke,Crawford,male,18,1,high,8,moderate,77.8,MD
Aileen,Mcgee,female,19,5,low,10,moderate,85.4,NC
Michael,Bell,male,15,3,low,7,moderate,64.1,PA
Ivana,Watts,female,16,5,low,9,moderate,87.4,MI
Kerry,Mcbride,female,16,1,high,6,moderate,67,CA
Kasimir,Clarke,male,16,5,low,8,moderate,68.2,MD
Celeste,Alford,female,14,5,low,8,moderate,73.2,WA
Nyssa,Kent,female,17,5,low,4,low,76.1,NJ
Jolene,Rivers,female,14,5,low,10,moderate,79.3,GA
Bo,Miranda,female,18,1,high,11,moderate,82.8,VA
Summer,Lang,female,15,3,low,12,moderate,85.8,MI
Gloria,Morrison,female,15,1,high,10,moderate,88,MD
Bethany,Fields,female,14,5,low,12,moderate,88.2,MA
Sonia,Kelly,female,17,4,low,7,moderate,83.6,CO
Noah,Suarez,male,16,1,high,12,moderate,82.6,NJ
Travis,Avery,male,15,4,low,12,moderate,85.1,NY
Dai,Osborne,female,19,5,low,20,high,100,VA
Rebekah,Skinner,female,16,2,high,13,high,81.7,MN
Zorita,Oliver,female,16,2,high,12,moderate,93.1,ID
Tara,Townsend,female,14,1,high,9,moderate,71,FL
Kaitlin,Lane,female,15,3,low,10,moderate,71,NJ
Preston,Paul,male,16,4,low,8,moderate,67.8,CT
Kirk,Keller,male,16,4,low,6,moderate,77,FL
Zeph,Gilmore,male,19,3,low,9,moderate,88.3,MI
Rahim,Weaver,male,19,4,low,12,moderate,92.9,FL
Linus,Snow,male,18,5,low,17,high,88.4,FL
Vladimir,Salinas,male,17,3,low,5,low,70.9,MD
Wang,Reed,male,16,5,low,13,high,93.7,CT
Kaseem,Leon,male,18,1,high,5,low,67.1,PA
Yetta,Vasquez,female,17,2,high,6,moderate,77.3,NY
Lacey,Tucker,female,17,4,low,16,high,87.5,IN
James,Mccormick,male,15,3,low,5,low,71,GA
Inga,Webster,female,14,3,low,10,moderate,75.9,NJ
Eagan,Oliver,male,17,4,low,11,moderate,86.6,AL
Orson,Burton,male,18,3,low,17,high,96.6,MN
Noelani,Villarreal,female,19,1,high,5,low,75.4,NC
Chester,Vance,male,17,1,high,5,low,60.1,GA
Stuart,Powell,male,17,1,high,6,moderate,64.1,NY
Robert,Bass,male,16,4,low,9,moderate,73.8,CA
Zephania,Dotson,male,16,4,low,14,high,98.1,OH
Robin,Adkins,female,16,4,low,4,low,68,NY
Kamal,Wheeler,male,17,5,low,15,high,86.3,MA
William,Greene,male,19,4,low,11,moderate,84,PA
Merritt,Donovan,male,16,5,low,7,moderate,83.1,NY
Orla,Carlson,female,19,3,low,8,moderate,75.8,FL
Byron,Buckner,male,16,2,high,13,high,92.9,AR
Aimee,Sheppard,female,14,3,low,12,moderate,87,MA
Daphne,Patel,female,19,1,high,10,moderate,82.2,WA
Clarke,Mills,male,17,2,high,9,moderate,83.1,GA
Kameko,Flynn,female,17,3,low,15,high,86.6,MT
Kamal,Pacheco,male,16,1,high,14,high,84.1,AZ
Kuame,Conrad,male,18,3,low,14,high,92.6,WI
Erasmus,Maynard,male,17,4,low,15,high,87.3,PA
Mufutau,Clayton,male,17,1,high,16,high,86,NJ
Daria,Taylor,female,19,3,low,14,high,87.1,NY
Hamilton,Mclean,male,16,3,low,14,high,82,MN
Belle,Walter,female,19,4,low,14,high,85.7,NY
Honorato,Finley,male,17,5,low,9,moderate,77.6,NY
Josephine,Jennings,female,15,2,high,12,moderate,89,OH
Quentin,Bryan,male,19,4,low,7,moderate,77.7,MA
Lars,Hines,male,18,1,high,5,low,71,KY
Wade,Holden,male,15,3,low,12,moderate,92.6,NC
Faith,Cotton,female,17,4,low,15,high,99.8,CT
Bruno,Humphrey,male,16,3,low,12,moderate,76.8,IN
Lacey,Nieves,female,18,1,high,2,low,57.9,MA
Odette,Herrera,female,16,5,low,6,moderate,82.8,OH
Davis,Reese,male,19,3,low,15,high,87.7,NY
Wang,Dorsey,male,18,3,low,10,moderate,76.3,OH
Todd,Madden,male,19,4,low,13,high,89.8,FL
Oren,Porter,male,16,4,low,14,high,80.8,FL
Sharon,Hull,female,14,5,low,8,moderate,79,WI
Kareem,Hudson,male,18,4,low,16,high,98.6,PA
Unity,Preston,female,19,1,high,14,high,86.8,PA
Ella,Cantrell,female,18,4,low,15,high,96.5,NY
Hanna,Burton,female,15,1,high,14,high,81.5,WI
Cody,Giles,male,15,5,low,9,moderate,79.2,NE
Latifah,Williamson,female,17,3,low,6,moderate,66.7,RI
Aileen,Huff,female,16,4,low,13,high,96.5,MI
Brittany,Odom,female,17,5,low,13,high,91.5,NY
Marny,Daniels,female,17,2,high,4,low,69,NC
Dieter,Tyson,male,18,2,high,8,moderate,67.9,OH
Raja,Burt,male,17,3,low,8,moderate,82.6,CT
Irma,Bradley,female,14,3,low,6,moderate,66.2,IN
Gray,Reilly,male,16,1,high,12,moderate,87.5,FL
Pamela,Holder,female,16,4,low,4,low,61.8,NY
Conan,Stout,male,19,5,low,6,moderate,70,MD
Stella,Phillips,female,18,1,high,8,moderate,66.1,NY
Xenos,Snow,male,14,2,high,12,moderate,91.4,MD
Justin,Pierce,male,18,4,low,15,high,92,PA
Kareem,Munoz,male,15,1,high,9,moderate,81.4,FL
Ali,Underwood,male,18,1,high,13,high,89.5,SC
Bethany,Duke,female,19,5,low,9,moderate,79.4,MA
Amaya,Green,female,17,1,high,19,high,99.2,WI
Wyatt,Marsh,male,17,1,high,6,moderate,74.7,MT
Carol,Sparks,female,17,2,high,17,high,91.1,MA
Kiona,Collier,female,14,4,low,11,moderate,84,FL
Jocelyn,Ashley,female,14,3,low,9,moderate,73.4,IA
Shellie,Murray,female,18,1,high,13,high,85.3,FL
Talon,Rush,male,17,3,low,16,high,98.1,FL
Alana,Berry,female,17,3,low,11,moderate,87.5,NY
Steel,Tanner,male,14,5,low,12,moderate,80.7,IL
Elvis,Clayton,male,17,3,low,8,moderate,81.1,NY
Silas,Paul,male,19,1,high,15,high,94.2,CA
Yasir,Fowler,male,18,1,high,5,low,73.5,CA
Breanna,Gillespie,female,19,1,high,12,moderate,82.5,PA
Nasim,Fernandez,male,16,2,high,14,high,83.8,WA
Kaitlin,Mccarthy,female,17,1,high,14,high,95.4,MA
Cassidy,Hogan,female,18,3,low,5,low,76.9,CT
Ebony,David,female,17,3,low,12,moderate,90.5,NY
Leila,Riggs,female,15,3,low,9,moderate,71.4,VA
Troy,Raymond,male,18,5,low,11,moderate,80.3,FL
Buckminster,Craig,male,19,5,low,14,high,95.2,FL
Kessie,Gonzalez,female,19,3,low,13,high,86.4,VA
Ariel,Cortez,female,18,5,low,3,low,74.7,NJ
Cailin,Crosby,female,19,3,low,12,moderate,75.5,GA
Calvin,Maldonado,male,18,5,low,9,moderate,82.7,MT
Connor,Huber,male,19,4,low,8,moderate,84.9,VA
Libby,Odonnell,female,17,1,high,6,moderate,65.1,OH
Kiara,Singleton,female,16,4,low,19,high,100,NY
Dante,Odom,male,18,3,low,10,moderate,79.9,OH
Dalton,Washington,male,17,5,low,14,high,90.4,FL
Bruce,Cobb,male,18,5,low,15,high,95.8,NY
Cara,Hudson,female,15,1,high,8,moderate,66.1,MS
Carla,Larsen,female,18,1,high,16,high,95.2,GA
Ali,Franks,male,18,5,low,20,high,100,MN
Cadman,Whitaker,male,18,5,low,4,low,67.8,FL
Holmes,Carson,male,15,5,low,15,high,92.2,TX
Lee,Alford,male,16,1,high,15,high,83.7,NY
Virginia,Rodgers,female,18,2,high,5,low,75,MA
Gwendolyn,Vazquez,female,19,5,low,19,high,100,KY
Althea,Ratliff,female,19,2,high,10,moderate,79.4,FL
Micah,Gilbert,male,19,5,low,11,moderate,76.1,NY
Jordan,Spears,male,17,5,low,13,high,89.4,NY
Walker,Terrell,male,18,2,high,9,moderate,85.4,MD
Lunea,Grant,female,16,1,high,15,high,88.7,VA
Odessa,Puckett,female,14,5,low,13,high,84.3,WA
Risa,Chang,female,14,5,low,17,high,98.6,NY
Juliet,Collier,female,18,2,high,14,high,94.6,CT
Flavia,Jones,female,18,4,low,4,low,66.6,GA
Noble,Zamora,male,17,1,high,14,high,91.7,IN
Catherine,Lynch,female,15,2,high,10,moderate,81.9,NY
Carissa,Fuller,female,18,3,low,7,moderate,76.8,AL
Aiko,Mullins,female,15,3,low,15,high,95.5,PA
Nora,Gonzales,female,17,2,high,10,moderate,85.5,NC
Armando,Holman,male,17,5,low,7,moderate,76.5,GA
Kendall,Shepherd,female,16,2,high,14,high,81.2,FL
Virginia,Murphy,female,17,4,low,12,moderate,81.6,NY
Hashim,Knox,male,19,1,high,5,low,66.8,IL
Hedley,Benton,male,18,3,low,12,moderate,78.2,IL
Quamar,Sherman,male,17,4,low,9,moderate,80.2,WI
Tatum,Buchanan,female,18,2,high,7,moderate,71.9,WV
Abraham,Mccormick,male,18,2,high,10,moderate,73.7,NC
Drake,Winters,male,17,4,low,19,high,100,GA
Stella,Taylor,female,19,3,low,3,low,65.5,PA
Lawrence,Willis,male,16,1,high,11,moderate,75.2,MI
Rylee,Mcpherson,female,19,5,low,10,moderate,76.8,OK
Tate,Crosby,male,19,3,low,3,low,68.6,IL
Gavin,Tran,male,18,2,high,10,moderate,70.4,CA
Blossom,House,female,19,4,low,8,moderate,81.1,OH
Carolyn,Wolfe,female,14,5,low,9,moderate,85.2,NJ
Zia,Tyson,female,14,3,low,15,high,88.2,AZ
Fitzgerald,Hammond,male,18,1,high,16,high,85.9,NY
Bruno,Sharpe,male,16,5,low,10,moderate,90.4,MN
Silas,Gillespie,male,16,1,high,13,high,85.6,TX
Xantha,Parrish,female,18,4,low,9,moderate,74,MO
Maxine,Cooley,female,19,3,low,9,moderate,77,NY
Levi,Maddox,male,19,2,high,8,moderate,68.1,TX
Judah,Wise,male,15,1,high,14,high,93.8,TX
Tanya,Coleman,female,19,3,low,10,moderate,74.6,NY
Camille,Barr,female,14,4,low,14,high,100,WI
Sarah,Bruce,female,14,2,high,9,moderate,75.4,CA
Colton,Charles,male,17,5,low,8,moderate,80.1,MD
Alika,Poole,female,19,2,high,16,high,32,NC
Ifeoma,Hendricks,female,17,3,low,13,high,79,NY
Hakeem,Dorsey,male,15,2,high,5,low,74.7,GA
Reese,Heath,male,18,4,low,8,moderate,75.3,MD
Lance,Steele,male,15,1,high,14,high,92.2,GA
Adrienne,Conrad,female,18,1,high,9,moderate,73.4,NY
Aretha,Fisher,female,14,1,high,13,high,83.2,MS
Jeremy,Rowe,male,19,3,low,10,moderate,83.4,MA
Ciaran,Gay,male,19,4,low,3,low,59.3,NY
Nero,Burgess,male,17,1,high,16,high,87.6,CA
Tyrone,Stephenson,male,18,5,low,17,high,91.4,MD
Ashton,Mullen,male,16,1,high,16,high,80.1,NY
Samantha,Freeman,female,15,2,high,13,high,87.4,CA
Katell,Stafford,female,15,5,low,9,moderate,74,NY
Callum,Whitley,male,16,5,low,11,moderate,80.2,SC
Miriam,Elliott,female,16,1,high,13,high,80.9,PA
David,Nichols,male,19,4,low,12,moderate,75.7,ME
Kalia,Moss,female,15,2,high,11,moderate,84.5,NY
Quon,James,female,19,2,high,5,low,71.4,SC
Cyrus,Landry,male,19,4,low,12,moderate,80.4,NY
Keane,Copeland,male,16,1,high,6,moderate,67.5,TN
Hammett,Schroeder,male,19,2,high,12,moderate,86.2,GA
Arthur,Sims,male,16,2,high,11,moderate,80.5,PA
Mary,Vang,female,18,1,high,7,moderate,70.6,MA
Patience,Hyde,female,19,2,high,10,moderate,87.4,FL
Hadassah,Valenzuela,female,18,3,low,5,low,76.3,ID
Sylvester,Payne,male,17,5,low,20,high,100,CA
Penelope,Campos,female,18,1,high,9,moderate,73,CT
Camilla,Goff,female,18,4,low,8,moderate,70.2,MA
Hamish,Haley,male,18,1,high,9,moderate,71.1,FL
Wylie,Alexander,male,16,3,low,13,high,82,PA
Serena,Frazier,female,17,4,low,6,moderate,80.4,CT
Tasha,Park,female,14,5,low,5,low,73,CT
Gretchen,Haynes,female,19,4,low,4,low,77.2,IL
Ruth,Bowman,female,18,3,low,18,high,100,MS
Eric,Walter,male,18,4,low,15,high,93.2,FL
Steven,Sherman,male,18,1,high,2,low,60,FL
Janna,Moran,female,17,5,low,17,high,100,OH
Jonas,Bailey,male,16,5,low,14,high,85.6,PA
Steven,Hayes,male,15,4,low,14,high,88.7,NY
Pascale,Ingram,female,14,4,low,3,low,76.5,GA
Dominic,Gould,male,19,4,low,8,moderate,85.2,CT
Mason,Burke,male,14,4,low,10,moderate,84.3,NC
Ifeoma,Miles,female,16,5,low,10,moderate,83.3,IL
Amela,Randall,female,16,1,high,6,moderate,78.6,RI
Eve,Dillon,female,18,4,low,8,moderate,71.7,VA
Leilani,Marquez,female,16,4,low,12,moderate,89.9,WI
Yoshio,Cruz,male,17,1,high,13,high,76.5,MA
Jin,Parks,male,17,1,high,8,moderate,78.4,AL
Gay,Pope,female,18,3,low,11,moderate,88.9,MD
Solomon,Myers,male,19,3,low,9,moderate,81.6,WI
Amery,Pearson,male,17,1,high,14,high,83.3,NY
Hyacinth,Roberson,female,18,4,low,11,moderate,81.6,NY
Evan,Hester,male,17,2,high,9,moderate,76.5,OH
Merritt,Dominguez,male,15,3,low,10,moderate,74,MI
Rebekah,Schmidt,female,18,5,low,12,moderate,84.1,NJ
Jesse,Boyle,male,18,1,high,9,moderate,73.8,FL
Aaron,Salas,male,19,4,low,10,moderate,86.7,MN
Noble,Walsh,male,19,4,low,10,moderate,79.1,WI
Beverly,Kinney,female,17,3,low,12,moderate,88.1,FL
Ferdinand,Garcia,male,18,2,high,11,moderate,89.5,NJ
Regina,Sellers,female,18,4,low,14,high,84.8,LA
Quamar,Calhoun,male,15,2,high,18,high,97.4,FL
Erasmus,Huber,male,15,3,low,8,moderate,75.2,NY
Garth,Sims,male,14,1,high,10,moderate,76,MD
Edward,Guthrie,male,16,5,low,7,moderate,79.5,CT
Maryam,Walter,female,16,2,high,12,moderate,79.2,FL
Len,Curry,male,14,3,low,15,high,83.3,MA
Oscar,Sosa,male,14,3,low,15,high,88.9,PA
Ferdinand,Sanchez,male,18,3,low,17,high,95.6,AL
Aquila,Aguirre,male,16,1,high,5,low,71,IL
Lydia,Ruiz,female,18,1,high,13,high,87.3,IL
Camilla,Turner,female,16,5,low,10,moderate,79.3,MD
Walter,Decker,male,15,4,low,8,moderate,84.9,NJ
Dakota,Salazar,female,14,2,high,15,high,85.3,IA
Stuart,Rasmussen,male,14,3,low,14,high,97.6,NY
Timothy,Pearson,male,19,4,low,12,moderate,86.7,CT
Allistair,Davenport,male,14,1,high,18,high,88,FL
Wing,Holcomb,male,16,4,low,10,moderate,80.6,IL
Casey,Ramirez,female,18,5,low,9,moderate,87.4,CT
Quintessa,Joyce,female,15,3,low,6,moderate,74,MI
Armando,Odom,male,18,4,low,5,low,75,NC
Chase,Wiley,male,14,1,high,13,high,90.8,IA
Malcolm,Nicholson,male,19,3,low,9,moderate,79.2,MA
Shellie,Bennett,female,14,4,low,11,moderate,87,FL
Uta,Perez,female,17,4,low,10,moderate,78.2,NJ
Lynn,Petersen,female,16,2,high,15,high,84.5,MD
Teegan,Merrill,female,17,5,low,11,moderate,84,MI
Cade,Hogan,male,18,5,low,19,high,98,MI
Scott,Mueller,male,14,4,low,6,moderate,73.8,NE
Rafael,Cherry,male,19,2,high,12,moderate,91.5,MI
Carol,Graves,female,14,4,low,12,moderate,79.7,FL
Sawyer,Harding,male,17,5,low,9,moderate,71.3,NC
Erich,Stone,male,14,5,low,17,high,100,OH
Iliana,Marks,female,18,1,high,4,low,69.3,NC
Minerva,Skinner,female,14,5,low,7,moderate,80.2,MI
Anastasia,Goodwin,female,18,4,low,3,low,76.4,VA
Nell,Fitzgerald,female,17,5,low,6,moderate,83.1,TX
Rhiannon,Acevedo,female,15,3,low,10,moderate,72.7,IL
Demetria,Rush,female,17,3,low,15,high,98.6,AR
Dolan,Maxwell,male,18,5,low,7,moderate,82.5,SC
Tanek,Gallagher,male,17,3,low,11,moderate,74.4,CT
Cameron,Blackburn,female,16,1,high,16,high,87.8,NY
Lila,Wall,female,17,5,low,18,high,100,MI
Cleo,Workman,female,18,3,low,8,moderate,70,VA
Pandora,Lambert,female,16,1,high,11,moderate,87.3,IN
Quail,Lewis,female,15,4,low,8,moderate,69.1,OH
Abigail,Rodriguez,female,14,5,low,8,moderate,81.5,OH
Kellie,Sandoval,female,15,2,high,6,moderate,71.5,OK
Dorian,Patel,male,16,2,high,7,moderate,72.5,MD
Lester,Page,male,15,1,high,10,moderate,82.4,WI
Brody,Sharp,male,19,4,low,12,moderate,93.1,NY
Alea,Harmon,female,14,3,low,12,moderate,82.2,MA
Simon,Mclaughlin,male,15,2,high,8,moderate,74.7,NC
Oscar,Thomas,male,14,3,low,14,high,90.4,UT
Allen,York,male,15,3,low,10,moderate,80,GA
Octavius,Riley,male,15,3,low,16,high,84.4,FL
Griffith,Larsen,male,19,4,low,8,moderate,84.1,MI
Cullen,Britt,male,19,4,low,8,moderate,70.7,CT
Jerome,Cox,male,14,1,high,7,moderate,77.8,NJ
Orson,Acosta,male,18,4,low,14,high,94.4,FL
Adam,Franklin,male,15,3,low,9,moderate,68.3,CT
Kathleen,David,female,15,3,low,11,moderate,89.1,VA
Josephine,Rivers,female,18,2,high,17,high,100,NJ
India,Christensen,female,14,1,high,14,high,89,TN
Samuel,Cooke,male,17,1,high,15,high,98.2,CT
Len,Greer,male,15,3,low,9,moderate,84.3,NJ
Shad,Arnold,male,17,2,high,10,moderate,84.4,NC
Kevyn,Cote,female,14,5,low,14,high,93.7,VA
Thor,Sanders,male,16,3,low,14,high,90.1,IN
Clark,Cervantes,male,19,2,high,6,moderate,76.3,NC
Yetta,Webb,female,19,1,high,11,moderate,87.5,FL
Alexandra,Guthrie,female,19,4,low,9,moderate,72.1,NY
Magee,Kim,male,17,1,high,14,high,76.8,TX
Ezra,Talley,male,18,1,high,18,high,88.2,PA
Solomon,Perez,male,15,5,low,9,moderate,81.6,MD
Zenia,Craft,female,17,4,low,13,high,86.9,CO
Cade,Maxwell,male,19,3,low,9,moderate,84.9,NJ
Erica,Oconnor,female,17,5,low,11,moderate,86.4,MD
Constance,Little,female,17,1,high,6,moderate,71.8,NC
Jamal,Morton,male,16,4,low,19,high,100,NY
Felix,Potter,male,18,4,low,11,moderate,82.1,MA
Theodore,Estes,male,18,3,low,10,moderate,84,OH
Forrest,Reyes,male,16,3,low,15,high,83.3,MI
Cassidy,Navarro,female,19,5,low,11,moderate,75.7,FL
Violet,Conley,female,16,1,high,12,moderate,73.7,NY
Bo,Fletcher,female,18,2,high,4,low,77,MI
Malcolm,Peck,male,19,4,low,10,moderate,82.6,IA
Kato,Mercado,male,17,5,low,8,moderate,78.6,NY
Acton,Edwards,male,18,4,low,7,moderate,70.8,FL
Porter,White,male,17,2,high,13,high,77.9,WI
Lucy,Jennings,female,19,3,low,9,moderate,73.9,FL
Rama,Cameron,female,16,1,high,9,moderate,85.7,NC
Abbot,Daugherty,male,17,1,high,9,moderate,82.3,NJ
Colette,Rojas,female,19,4,low,6,moderate,73.3,IL
Athena,Acevedo,female,15,4,low,12,moderate,90,FL
Ferris,Wade,male,18,2,high,7,moderate,70.4,MI
Tamara,Branch,female,16,4,low,17,high,92.3,CT
Rinah,Jacobson,female,19,1,high,7,moderate,80.8,NY
Tyler,Leon,male,18,4,low,15,high,94.2,MN
Fredericka,White,female,17,2,high,10,moderate,88.3,FL
Kevin,Smith,male,16,5,low,20,high,100,PA
Hayes,Wilkinson,male,19,5,low,3,low,76,IA
Kevin,Hewitt,male,18,4,low,13,high,96.1,MA
Ciara,Atkins,female,14,1,high,9,moderate,69,WI
Merrill,Vance,male,18,2,high,13,high,80.9,GA
Scott,Trujillo,male,17,5,low,13,high,90.3,IA
Noah,Mckay,male,19,5,low,8,moderate,74.8,TN
Nathan,Serrano,male,16,1,high,18,high,90.3,AL
Gwendolyn,Pratt,female,19,3,low,14,high,82.7,MA
Lavinia,Gaines,female,15,1,high,5,low,64.2,IL
Hedley,Patrick,male,19,0,high,14,high,94.5,MN
Abel,Stephens,male,18,4,low,2,low,68.2,MI
Addison,Barron,male,15,2,high,11,moderate,76,FL
Dora,Hewitt,female,19,2,high,3,low,65.4,PA
Riley,Morris,female,16,5,low,18,high,100,VA
Naida,Davidson,female,14,3,low,13,high,90.8,OH
Garth,Myers,male,15,3,low,15,high,90.6,MN
Philip,Burgess,male,17,1,high,13,high,77.4,IN
Alec,Whitfield,male,18,1,high,9,moderate,70.3,NY
Aretha,Whitley,female,15,1,high,10,moderate,82.2,CT
Lysandra,Noble,female,15,4,low,13,high,79.2,NJ
Kirestin,Murphy,female,15,3,low,15,high,95.9,NJ
Rebekah,Wiley,female,17,5,low,12,moderate,79.5,KY
Samson,Francis,male,19,1,high,12,moderate,81.9,TX
Mira,Branch,female,17,2,high,15,high,91.8,WI
Branden,Holcomb,male,15,4,low,11,moderate,84.4,MT
Kasper,Melendez,male,19,4,low,9,moderate,73.8,AZ
Chester,Buck,male,18,3,low,7,moderate,79.3,NY
Amir,Ross,male,16,2,high,5,low,77.6,PA
Elijah,Hahn,male,18,4,low,11,moderate,84.6,NJ
Adena,Griffin,female,17,5,low,12,moderate,80.2,PA
Sandra,Wilder,female,16,2,high,15,high,97.5,WI
Dennis,Garrett,male,15,3,low,9,moderate,76.3,CT
Brenden,Slater,male,16,1,high,14,high,89.7,NJ
Cadman,Ballard,male,14,3,low,11,moderate,86.8,IL
Noel,Ellis,female,18,1,high,11,moderate,77,CO
Paula,Mcbride,female,17,5,low,6,moderate,69.2,NY
Coby,Gibson,male,16,5,low,13,high,79.2,PA
Cally,Pearson,female,17,1,high,11,moderate,88.2,OH
Slade,Mooney,male,18,2,high,3,low,68,OH
Beau,Olson,male,15,1,high,12,moderate,75,IL
Zane,Rodgers,male,14,3,low,14,high,83,WI
Zephr,Simmons,female,14,4,low,6,moderate,67,SC
Craig,Moses,male,19,4,low,19,high,100,FL
Tanek,Stephens,male,15,1,high,4,low,60.5,NH
Jaquelyn,Gutierrez,female,14,3,low,10,moderate,87.1,NJ
Lucas,Buchanan,male,15,3,low,8,moderate,83.8,FL
Courtney,Preston,female,15,4,low,13,high,96.1,OH
Marny,Sandoval,female,17,2,high,8,moderate,76.4,KY
Zelda,Casey,female,14,2,high,10,moderate,89.2,PA
Steven,Turner,male,18,5,low,6,moderate,76.4,MI
Alma,Davis,female,16,3,low,7,moderate,72.8,IN
Cameran,Potts,female,16,1,high,13,high,82.4,IL
Caleb,Mcmahon,male,15,3,low,12,moderate,93.3,TN
Conan,Meadows,male,19,3,low,16,high,86.2,MD
Audrey,Pruitt,female,17,4,low,8,moderate,69.3,UT
Astra,Bean,female,18,5,low,7,moderate,68.2,NJ
Dara,Giles,female,15,4,low,17,high,88.4,OH
Sharon,Hart,female,19,2,high,14,high,96.3,MN
Paul,Atkins,male,19,1,high,17,high,97.9,SD
Wendy,Armstrong,female,14,5,low,11,moderate,88.1,CT
Charles,Gray,male,14,3,low,7,moderate,79.1,IN
Chancellor,Puckett,male,19,2,high,12,moderate,91.1,NC
Carter,Cross,male,14,4,low,12,moderate,92.4,OH
Stephanie,Douglas,female,18,4,low,18,high,100,OH
Lesley,Valentine,female,19,2,high,13,high,94.8,WI
Mufutau,Beck,male,18,5,low,12,moderate,82.9,IN
Talon,Watkins,male,17,5,low,7,moderate,71.2,KY
Ignacia,Prince,female,17,2,high,11,moderate,86.1,ND
Seth,Cannon,male,16,1,high,19,high,100,NY
Flavia,Lane,female,15,4,low,12,moderate,77,NY
Kenyon,Acosta,male,16,1,high,16,high,93.1,MD
Inga,Ellison,female,19,5,low,13,high,93.9,KY
Lyle,Higgins,male,16,2,high,11,moderate,89.7,MI
Carson,Mack,male,16,5,low,19,high,94.9,WI
Ava,Pope,female,16,3,low,17,high,93,NJ
Wang,Sellers,male,15,4,low,13,high,77.3,NJ
Steven,Graham,male,19,4,low,17,high,95.1,WA
Lee,Barber,male,15,2,high,2,low,62.3,FL
Latifah,Higgins,female,17,4,low,9,moderate,78.6,IL
Gavin,Bryan,male,18,3,low,13,high,80.1,CA
Indira,Briggs,female,17,4,low,9,moderate,72.3,NY
Ori,Massey,female,16,3,low,11,moderate,89.5,NY
Mona,Gilliam,female,17,0,high,11,moderate,89.5,MA
Brett,Hopper,male,19,2,high,13,high,92.3,IL
Francesca,Ratliff,female,14,1,high,13,high,79.2,GA
Phyllis,Woods,female,17,4,low,7,moderate,71.9,MI
Dora,Scott,female,19,4,low,7,moderate,80.1,MD
Bo,Thompson,female,17,2,high,13,high,94.6,NY
Sonia,Mccall,female,16,5,low,17,high,100,MA
Petra,Burton,female,18,5,low,7,moderate,81.2,OH
Karina,Chase,female,15,2,high,11,moderate,88.9,NC
Brielle,Sharpe,female,17,4,low,16,high,95.9,GA
Tamekah,Skinner,female,17,4,low,11,moderate,85.4,NY
Kyra,Conley,female,14,1,high,6,moderate,70.8,NC
Nichole,Blake,female,14,3,low,6,moderate,70.4,MD
Joseph,Nielsen,male,17,1,high,16,high,89.2,NC
Cheryl,Henderson,female,15,3,low,14,high,88.9,MI
Eugenia,Barton,female,15,2,high,8,moderate,68.1,OH
Scarlet,Woods,female,17,2,high,7,moderate,76.5,NC
Daryl,Harper,female,16,1,high,10,moderate,88,CA
Ebony,Salinas,female,19,5,low,5,low,81.6,MS
Harper,Kelly,male,16,5,low,5,low,67.6,ME
Cadman,Cardenas,male,17,4,low,10,moderate,84.7,OH
Briar,Harper,female,16,4,low,15,high,87.9,CT
Martena,Hogan,female,15,3,low,10,moderate,82.2,LA
Elaine,Ramos,female,14,4,low,11,moderate,84.9,MD
Chantale,Bass,female,15,5,low,9,moderate,90.5,FL
Dexter,Bell,male,19,3,low,10,moderate,69.9,PA
Aurelia,Carson,female,19,4,low,12,moderate,81.3,WI
William,Evans,male,17,1,high,6,moderate,75.7,OH
Hiram,Valentine,male,18,3,low,17,high,93.1,GA
Lisandra,Haynes,female,16,5,low,18,high,97.4,MD
Rogan,Cole,male,19,4,low,9,moderate,83.4,MA
Wendy,Hawkins,female,15,4,low,4,low,69.5,AZ
Rose,Lloyd,female,14,2,high,7,moderate,69.1,NY
Hedy,Michael,female,15,5,low,7,moderate,81.3,PA
Zahir,Ward,male,18,1,high,13,high,86,PA
Kato,Webster,male,17,4,low,10,moderate,72.6,GA
Vielka,Greer,female,15,2,high,12,moderate,74.5,FL
Russell,Mays,male,16,3,low,10,moderate,78.9,MN
Maggy,Benton,female,18,5,low,16,high,91.1,IN
Yvonne,Osborn,female,15,2,high,12,moderate,81.4,NY
Ashton,Ashley,male,15,1,high,8,moderate,75.8,VA
Preston,Hebert,male,16,5,low,13,high,89,NC
Clio,Perry,female,17,2,high,10,moderate,85.1,NJ
Marshall,Sexton,male,18,1,high,3,low,62.6,NJ
Lane,Keith,male,16,1,high,8,moderate,79.9,NY
Laura,Buckner,female,14,1,high,5,low,69.2,MI
Athena,Harvey,female,19,5,low,20,high,100,MD
Dorian,Cantu,male,18,3,low,8,moderate,83.7,OH
Ginger,Mcfadden,female,19,1,high,4,low,72.2,TX
Iona,Davis,female,19,3,low,11,moderate,80.3,GA
Arsenio,Frank,male,14,3,low,8,moderate,81.5,NJ
Evelyn,Crawford,female,17,4,low,11,moderate,81.2,VA
Ainsley,Small,female,19,5,low,12,moderate,94.4,WA
Hamilton,Green,male,14,1,high,14,high,80.2,NY
Chanda,Roth,female,17,3,low,11,moderate,92,ID
Hayley,Aguirre,female,19,4,low,14,high,85.8,IA
Christen,Miles,female,16,3,low,6,moderate,78.5,MD
Dawn,Phelps,female,15,3,low,8,moderate,73.2,MI
Summer,Parker,female,15,2,high,18,high,99.1,FL
Melissa,Clay,female,17,5,low,13,high,93.9,VA
Claire,Schmidt,female,19,1,high,17,high,85.2,MA
Ursula,Pruitt,female,17,4,low,10,moderate,84.5,WI
Blaze,Chang,male,18,1,high,17,high,92.8,FL
Hiram,Warren,male,15,2,high,18,high,86.2,NY
Keegan,Rasmussen,male,19,4,low,3,low,43,MA
Wyatt,Pate,male,19,2,high,5,low,72.3,OH
Keegan,Flores,male,18,4,low,4,low,66.7,MD
Rudyard,Shields,male,18,3,low,8,moderate,85.7,NJ
Daphne,Hess,female,15,5,low,9,moderate,85.1,GA
Imogene,Berger,female,19,4,low,10,moderate,81.3,MA
Ursula,York,female,16,2,high,13,high,86.7,FL
Fitzgerald,Barry,male,15,2,high,10,moderate,69.6,MI
Dai,Santiago,female,19,1,high,12,moderate,85.5,NY
Mari,Britt,female,15,5,low,8,moderate,81.8,MA
Sylvester,Boyd,male,19,5,low,6,moderate,78.4,NC
Benjamin,Trujillo,male,17,1,high,14,high,94.2,NY
Drew,Crosby,male,17,4,low,9,moderate,88.2,NY
Fleur,Pearson,female,14,3,low,10,moderate,84.8,IN
Darius,Lang,male,17,4,low,11,moderate,85.9,NC
Cedric,Harrell,male,18,3,low,8,moderate,72.7,OH
Lydia,Benjamin,female,19,1,high,14,high,86.4,NC
Keelie,Graham,female,18,5,low,6,moderate,74.5,NY
Maxwell,Pacheco,male,15,3,low,9,moderate,85.9,MI
Lysandra,Moore,female,18,4,low,15,high,91.7,IL
Iona,Jones,female,19,5,low,6,moderate,79.2,NY
Harriet,Paul,female,14,3,low,14,high,89.5,MN
Gretchen,Cruz,female,16,3,low,9,moderate,79.4,MT
Hunter,Tanner,male,17,4,low,18,high,89.9,CA
Lester,George,male,16,5,low,16,high,100,NJ
Upton,Noble,male,16,4,low,14,high,84.4,NJ
Ralph,Douglas,male,19,3,low,10,moderate,72.2,MD
Susan,Hahn,female,18,3,low,8,moderate,77.7,VA
Hanna,Mooney,female,19,2,high,10,moderate,88.8,NJ
Xena,Finley,female,19,1,high,11,moderate,79.2,NJ
Fulton,Roman,male,14,5,low,13,high,96.4,NJ
Basil,Gilbert,male,14,4,low,10,moderate,78.1,AL
Cheyenne,Walsh,female,15,0,high,10,moderate,74.6,NY
Sawyer,Mathis,male,18,5,low,10,moderate,89.6,RI
William,Hatfield,male,16,5,low,13,high,89.2,NJ
Anthony,Blake,male,14,5,low,14,high,96.6,NC
Laurel,Byers,female,15,2,high,11,moderate,77.3,CT
Irene,Vinson,female,15,3,low,8,moderate,79.4,IL
Thaddeus,Kirby,male,14,1,high,15,high,98.9,CT
Alfreda,Dillard,female,19,2,high,6,moderate,72.1,FL
Alec,Sheppard,male,16,4,low,13,high,88.3,SC
Hoyt,Bradford,male,19,4,low,4,low,75.8,CT
Dolan,Oneill,male,15,3,low,14,high,95.3,WI
Blaine,Kirkland,female,17,5,low,15,high,89.6,NH
Caryn,Cherry,female,15,3,low,14,high,80.8,MI
Tanisha,Contreras,female,14,5,low,5,low,75.1,NJ
Burton,Bender,male,19,5,low,11,moderate,80.3,FL
Noah,Keith,male,14,2,high,9,moderate,81,IL
Madaline,Hyde,female,14,1,high,14,high,92,NJ
Cassidy,Whitley,female,18,4,low,20,high,100,FL
Cathleen,Robles,female,14,3,low,12,moderate,78.3,CA
Desiree,Simon,female,14,2,high,11,moderate,79.2,MN
Bruno,Caldwell,male,16,1,high,16,high,99.9,PA
Laurel,Brennan,female,17,1,high,7,moderate,75.2,TN
Bethany,Mays,female,17,3,low,18,high,93.2,NJ
Cora,Emerson,female,16,4,low,17,high,99.9,GA
Giacomo,Harvey,male,17,3,low,7,moderate,71.2,GA
Clare,Fitzpatrick,female,14,4,low,19,high,94.2,FL
Steven,Frank,male,18,2,high,10,moderate,85.7,MA
Brianna,Martinez,female,18,2,high,15,high,86.8,MI
Frances,Frost,female,17,1,high,16,high,83,VA
Amela,Kennedy,female,17,4,low,10,moderate,72.1,NJ
Libby,Pickett,female,17,2,high,13,high,84.1,IN
Uma,Pugh,female,16,1,high,5,low,67.3,OH
Jacob,Lindsey,male,16,4,low,11,moderate,88.1,NY
Nyssa,Rhodes,female,17,4,low,5,low,64.9,IL
Tate,Moreno,male,16,1,high,16,high,87.6,OH
Laura,Jacobs,female,18,5,low,5,low,67.6,NY
Kareem,Walters,male,16,2,high,14,high,83.1,SD
Dexter,Horn,male,16,2,high,10,moderate,88.8,IL
Kibo,Howard,male,19,2,high,15,high,83.2,NC
Madaline,Mcmillan,female,14,4,low,8,moderate,82.5,WI
May,Duran,female,19,1,high,18,high,100,GA
Shad,Avila,male,19,2,high,18,high,86.5,NJ
Rana,Luna,female,18,1,high,12,moderate,91.8,NH
Tobias,Delaney,male,17,3,low,10,moderate,76.2,PA
Erica,Barker,female,16,3,low,11,moderate,83,NY
Bruce,Noel,male,17,1,high,11,moderate,89.7,IA
Bo,Greene,female,18,2,high,4,low,75.3,CT
Lucius,Vang,male,15,3,low,10,moderate,80.6,IL
Lee,Gallagher,female,19,1,high,16,high,98.3,PA
Matthew,Greer,male,17,4,low,10,moderate,88.2,MA
Mari,Holt,female,16,2,high,11,moderate,76.1,WI
Plato,Holcomb,male,16,1,high,7,moderate,76.1,MT
Constance,Morrow,female,19,2,high,17,high,100,OH
Castor,Bryant,male,14,3,low,14,high,91.1,MI
Solomon,Hayden,male,16,1,high,13,high,83.3,IA
Calvin,Chapman,male,15,2,high,8,moderate,67.6,MA
Linda,Arnold,female,16,5,low,8,moderate,82,PA
May,Sandoval,female,16,4,low,7,moderate,79.5,IL
Tobias,Erickson,male,14,5,low,3,low,73.8,OR
Dexter,Stark,male,18,2,high,14,high,88.3,FL
Amos,Reed,male,17,1,high,13,high,95,NC
Nichole,Knox,female,16,3,low,14,high,84.3,NY
Amber,Morton,female,18,2,high,11,moderate,77.8,FL
Bruno,Noel,male,16,2,high,13,high,89.8,NY
Isaiah,Harrington,male,17,1,high,4,low,58.9,FL
Samuel,Spence,male,17,2,high,13,high,86.5,CT
Dominic,Martin,male,17,1,high,20,high,92.9,WI
Clark,Baker,male,16,5,low,18,high,100,NC
Destiny,Guerra,female,17,5,low,16,high,100,VA
Giacomo,Conley,male,17,3,low,18,high,92.1,NJ
Hamish,Cherry,male,17,5,low,13,high,86,VA
Leigh,Short,female,18,5,low,11,moderate,80.1,NY
Kylan,Burgess,female,18,5,low,4,low,74,NJ
Malcolm,White,male,16,2,high,5,low,62.6,NC
Dai,Powell,female,17,4,low,16,high,99,WI
Maisie,Barton,female,16,2,high,13,high,81.4,FL
Jillian,Reynolds,female,18,2,high,7,moderate,66.6,IL
Garth,Battle,male,16,4,low,12,moderate,81.1,NJ
Charissa,Waters,female,15,4,low,9,moderate,86.2,TN
Morgan,Dejesus,female,14,2,high,12,moderate,85.2,NH
Tobias,Newton,male,18,2,high,13,high,87.1,PA
Phelan,Mathis,male,19,3,low,14,high,87.4,CA
Keaton,Heath,male,17,5,low,6,moderate,73.9,MA
Victoria,Rojas,female,18,2,high,9,moderate,80.4,GA
August,Bass,male,18,1,high,14,high,80.2,MI
Laurel,Bowman,female,19,5,low,10,moderate,91,CA
Cameron,Marks,female,18,3,low,6,moderate,76.5,PA
Nolan,Doyle,male,19,3,low,10,moderate,86.6,CT
Dolan,Guy,male,15,4,low,13,high,95.8,IL
Zenia,Rhodes,female,16,5,low,11,moderate,92,NJ
Mia,Goodman,female,19,4,low,4,low,65.8,ME
Mona,Hull,female,16,3,low,10,moderate,73.6,TX
Hayley,Davis,female,17,3,low,15,high,96,OH
Alexandra,Bowen,female,18,4,low,15,high,98.2,IL
Ria,Cannon,female,14,5,low,16,high,100,VA
Tara,Gilliam,female,16,2,high,5,low,63.4,GA
Hadley,Faulkner,female,18,3,low,11,moderate,83.5,LA
Mohammad,Middleton,male,19,4,low,12,moderate,87.2,VA
Barrett,Randall,male,18,1,high,14,high,88.6,OH
Lester,Mendoza,male,18,1,high,7,moderate,62.7,OH
Myles,Farmer,male,19,2,high,19,high,100,PA
Katelyn,Galloway,female,17,1,high,13,high,82.1,PA
Vivien,Henderson,female,17,3,low,12,moderate,87.9,IL
Nina,Salazar,female,17,4,low,14,high,92.4,GA
Hillary,Joyner,female,15,3,low,10,moderate,75.2,SC
Samson,Spears,male,19,3,low,10,moderate,80.4,NY
Xerxes,Mooney,female,17,1,high,2,low,70.4,CO
Porter,Rowland,male,19,2,high,5,low,61.2,FL
Ann,Medina,female,15,4,low,17,high,92.3,NH
Bryar,Wiggins,female,17,4,low,6,moderate,73.3,WI
Thane,Yates,male,16,3,low,8,moderate,76.8,MT
Yoko,Hurley,female,15,4,low,12,moderate,84.2,MI
Perry,Hudson,male,18,3,low,10,moderate,71.8,MN
Adam,Gordon,male,14,2,high,5,low,70.1,MA
Clare,Clarke,female,19,3,low,8,moderate,74,FL
Evangeline,Haley,female,16,5,low,12,moderate,94.3,IA
Eric,Palmer,male,15,4,low,10,moderate,90.9,NJ
Sloane,Gill,female,18,1,high,18,high,96.5,NC
Knox,Kane,male,15,4,low,18,high,100,NH
Simon,Carson,male,19,4,low,3,low,68.8,MI
Gareth,Heath,male,18,1,high,15,high,80.8,NC
Linda,Conner,female,16,3,low,12,moderate,86.3,MS
Arsenio,Mcleod,male,17,3,low,5,low,64,GA
Debra,Graham,female,19,5,low,8,moderate,74.7,NJ
Andrew,Wooten,male,16,3,low,12,moderate,77.6,OH
Nasim,Stuart,male,17,1,high,11,moderate,72.4,PA
Tiger,Merritt,male,16,2,high,14,high,85.3,UT
Forrest,Valentine,male,18,1,high,6,moderate,65.9,TN
Reese,Mitchell,male,16,4,low,17,high,92.2,AL
Abraham,Kent,male,19,2,high,5,low,62.6,FL
Malcolm,Beach,male,18,4,low,14,high,99.2,OR
Herman,Landry,male,15,2,high,3,low,65.9,IL
Jayme,Cantu,female,16,3,low,6,moderate,65.1,FL
Duncan,Noel,male,16,5,low,9,moderate,84.1,FL
Quamar,Spears,male,16,4,low,7,moderate,74.2,MA
Mara,Hendrix,female,19,1,high,9,moderate,73,ND
Brian,Hale,male,14,5,low,17,high,97.8,NH
Nerea,Daugherty,female,15,2,high,15,high,90.1,FL
India,Foreman,female,19,4,low,10,moderate,80.1,VA
Tara,Copeland,female,16,2,high,15,high,84.2,IL
Guinevere,Barnett,female,17,1,high,20,high,92.2,TN
Alexander,Riley,male,15,3,low,10,moderate,82.8,IN
Logan,Kirby,male,16,1,high,6,moderate,73.1,TX
Ariana,Glass,female,19,5,low,11,moderate,90.8,IN
Rhea,Cantrell,female,19,4,low,12,moderate,81.3,NJ
Quon,Brewer,female,14,3,low,9,moderate,79.2,OH
Sonya,Jordan,female,19,4,low,8,moderate,80.3,CT
Reece,Lott,male,17,3,low,11,moderate,76.1,MI
Slade,Lucas,male,18,1,high,14,high,89.5,CA
Kelly,Kent,female,15,1,high,15,high,92.4,NY
Hayes,Ware,male,16,1,high,17,high,84.9,MN
Kieran,Martinez,male,14,3,low,4,low,60.8,OH
Laura,Park,female,16,5,low,8,moderate,78.4,CA
Chancellor,Graves,male,18,1,high,9,moderate,83.4,WI
Brett,Wilder,male,17,4,low,7,moderate,71.4,NY
Abra,Neal,female,16,1,high,14,high,80.1,FL
John,Olsen,male,15,3,low,11,moderate,77.4,VA
Madonna,Barrera,female,16,3,low,16,high,85.2,MS
Cedric,Horton,male,16,2,high,15,high,91.8,WI
Rudyard,Banks,male,19,2,high,9,moderate,75.4,SC
Gabriel,Chapman,male,16,1,high,9,moderate,86.3,NJ
Tanek,Mooney,male,15,4,low,12,moderate,79.8,NY
Dane,Carter,male,16,2,high,18,high,94.9,FL
Whoopi,Lane,female,17,4,low,11,moderate,89.7,FL
Karen,Mejia,female,17,4,low,17,high,88.7,FL
Addison,Horne,male,16,2,high,10,moderate,81.8,ME
Eliana,Todd,female,14,5,low,5,low,74.8,PA
Evan,Shelton,male,17,4,low,13,high,91.1,WA
Jaquelyn,Rodriguez,female,14,4,low,7,moderate,66.8,CA
Doris,Cross,female,17,2,high,8,moderate,82.5,MD
Acton,Conley,male,19,5,low,12,moderate,79.5,NY
Nyssa,Vincent,female,14,2,high,6,moderate,73.1,OH
Phillip,Cunningham,male,18,4,low,3,low,74.6,NC
Edan,Rush,male,18,4,low,9,moderate,74.1,NJ
Hanna,Guzman,female,19,3,low,15,high,91.3,WI
Shad,Reilly,male,16,3,low,16,high,86.7,NH
Rahim,Tucker,male,14,4,low,8,moderate,76.2,PA
Kitra,Michael,female,16,5,low,16,high,92.3,TN
Illana,Mcmahon,female,18,4,low,10,moderate,77.5,ME
Linda,Underwood,female,15,5,low,8,moderate,83.7,TN
Illiana,Donaldson,female,17,5,low,19,high,93.6,IN
Rogan,Orr,male,19,2,high,12,moderate,89.2,VA
Tucker,Blair,male,18,1,high,10,moderate,74.7,FL
Brock,Knight,male,18,5,low,11,moderate,83.4,OH
Lane,Villarreal,male,18,1,high,8,moderate,76,TX
Ila,Pratt,female,19,2,high,7,moderate,79.5,FL
Aristotle,Lang,male,15,3,low,13,high,77.3,NJ
Todd,Erickson,male,15,5,low,6,moderate,69.8,MD
Blythe,Snyder,female,16,4,low,18,high,100,NC
Lunea,Vazquez,female,14,5,low,6,moderate,74.8,FL
Azalia,Ward,female,14,4,low,12,moderate,91.2,MI
Yael,Hardin,female,15,1,high,19,high,91.4,NJ
Karen,Colon,female,15,2,high,10,moderate,83.5,MA
Valentine,Morton,male,14,4,low,15,high,89.7,GA
Brock,Espinoza,male,17,3,low,15,high,82.9,VA
Ray,Coffey,male,14,3,low,16,high,89.4,FL
Ray,Holloway,male,15,3,low,12,moderate,91.8,MI
Hayfa,Richmond,female,19,5,low,15,high,91.6,IL
Orlando,Stanley,male,15,3,low,9,moderate,86.1,MA
Jaden,Hogan,female,14,5,low,14,high,94.8,IA
Jordan,Foster,female,18,3,low,8,moderate,86.9,NY
Amber,Greene,female,16,4,low,5,low,78,MD
Xanthus,Franks,male,18,3,low,8,moderate,72.2,TN
Selma,Stout,female,19,2,high,3,low,59.4,PA
Fleur,Snider,female,18,3,low,18,high,97.3,CA
Carl,Nelson,male,14,1,high,15,high,95.2,MI
Keegan,Richardson,male,18,1,high,3,low,66.2,NJ
Rudyard,Parsons,male,17,1,high,10,moderate,82.7,MA
Lance,Doyle,male,18,2,high,9,moderate,70.6,NY
Arthur,Nieves,male,14,3,low,0,,76.8,VA
Isaiah,Hendricks,male,17,3,low,7,moderate,69.9,MD
Justine,Nolan,female,16,5,low,5,low,72.8,SC
Levi,Atkins,male,16,4,low,8,moderate,72.8,MA
Jakeem,Lynch,male,14,4,low,5,low,78.8,NY
Olivia,Craig,female,14,4,low,3,low,60.6,WI
Dylan,Delaney,male,14,4,low,5,low,64.3,NY
Emerson,Sparks,male,14,3,low,10,moderate,76.1,VA
Echo,Bird,female,14,2,high,6,moderate,76.5,AL
Devin,Rodriguez,male,19,1,high,14,high,83.4,NH
Georgia,Castaneda,female,14,3,low,10,moderate,78.4,NC
Darryl,Baird,female,14,2,high,7,moderate,64.3,IL
Leo,Roach,male,19,1,high,13,high,75.8,WI
Magee,Berger,male,14,0,high,13,high,91.1,CT
Clare,Wyatt,female,16,5,low,10,moderate,74.1,OH
Chaney,Edwards,male,14,2,high,9,moderate,75.8,NJ
Kyla,Garner,female,18,2,high,4,low,70.9,IL
Leroy,Morrow,male,19,2,high,9,moderate,71.2,MN
Marshall,Erickson,male,18,3,low,11,moderate,77.8,CT
Logan,Mccarty,male,17,2,high,9,moderate,81.7,CT
Hamish,Parker,male,16,5,low,6,moderate,65.9,AZ
Illiana,Kirby,female,19,5,low,12,moderate,84.8,TN
Brenda,Gates,female,16,2,high,7,moderate,73,CA
Elmo,Roy,male,18,1,high,10,moderate,78.4,PA
Willa,Byers,female,14,2,high,4,low,59.2,CT
Naida,Carrillo,female,18,2,high,5,low,75.9,NC
Sydney,Blackburn,female,15,3,low,8,moderate,75.7,NY
Brandon,Myers,male,19,2,high,12,moderate,78.6,OH
Malik,Pratt,male,19,1,high,14,high,87.5,NY
Dai,Richardson,female,16,2,high,15,high,84.5,MD
Thane,Collins,male,19,1,high,6,moderate,76.9,NY
Clark,Maynard,male,16,1,high,7,moderate,66.9,MS
Bevis,Gray,male,15,1,high,16,high,94.8,NJ
Pascale,Browning,female,16,4,low,9,moderate,89.2,IN
Zorita,Ashley,female,19,1,high,13,high,80.4,MS
Jerry,Short,male,17,5,low,6,moderate,78.2,CT
Hyatt,Mcintosh,male,19,3,low,11,moderate,82.3,TN
Perry,Hopper,male,16,2,high,15,high,81.8,NE
Lance,Rush,male,17,4,low,15,high,98.5,FL
Declan,Macias,male,14,2,high,14,high,83.2,NY
Geraldine,Brooks,female,19,1,high,10,moderate,79,RI
Adara,Fernandez,female,15,5,low,13,high,98.5,NY
Whoopi,Hunter,female,15,4,low,14,high,94.8,MI
Lara,Newton,female,17,4,low,12,moderate,86,MD
Rigel,Johnson,male,17,4,low,8,moderate,82.1,CT
Raja,Sims,male,18,5,low,17,high,89.7,IL
Kiona,Hernandez,female,14,2,high,9,moderate,84.3,VA
Jade,Cline,female,15,4,low,8,moderate,75.1,NY
Tana,Sloan,female,19,5,low,11,moderate,92.1,MI
Luke,Hayes,male,18,2,high,10,moderate,88,AZ
Regan,Mcintosh,female,17,3,low,15,high,97.2,IA
Mufutau,Valentine,male,14,2,high,11,moderate,75.3,PA
Justina,Mcgowan,female,15,1,high,8,moderate,73.6,MS
Ruby,Sutton,female,14,5,low,9,moderate,79.4,MA
Tucker,Coleman,male,16,4,low,17,high,95.6,NJ
Kylan,Rosa,female,17,5,low,12,moderate,84,MD
Valentine,Cummings,male,14,5,low,19,high,100,NY
Cheyenne,Vincent,female,18,5,low,11,moderate,81.8,RI
Cleo,Romero,female,16,2,high,17,high,93.9,PA
Tarik,Winters,male,15,5,low,13,high,92.5,SC
Sylvester,Newton,male,14,3,low,11,moderate,81,AL
Samuel,Green,male,15,5,low,11,moderate,85.6,NY
Gary,Bradford,male,17,4,low,9,moderate,73.9,GA
Whoopi,Strickland,female,16,4,low,9,moderate,80.2,MO
Melyssa,Garner,female,17,1,high,6,moderate,71.3,NC
Barclay,Nichols,male,19,0,high,2,low,66.3,NJ
Georgia,Fuentes,female,16,4,low,8,moderate,75.3,NJ
Dara,Fleming,female,18,2,high,15,high,99.6,NC
Lacy,Arnold,female,19,4,low,6,moderate,82.2,MN
Cameron,David,male,14,2,high,10,moderate,84.5,MS
Caldwell,Russell,male,16,3,low,12,moderate,91.2,MI
Oliver,Oconnor,male,17,4,low,12,moderate,91.1,KY
Samuel,Beasley,male,19,1,high,15,high,90.6,FL
Shana,Conner,female,16,2,high,12,moderate,81.5,CT
Dexter,Kramer,male,17,4,low,16,high,97.7,FL
Griffith,Swanson,male,19,4,low,4,low,78.5,GA
Chava,Barlow,female,17,3,low,15,high,91.6,MA
Oprah,Walker,female,19,2,high,6,moderate,69.7,GA
Brian,Hawkins,male,15,5,low,8,moderate,69.7,FL
Shannon,Whitley,female,19,1,high,10,moderate,78.1,CA
Martin,Macdonald,male,17,2,high,7,moderate,76.7,MI
Kaitlin,Chen,female,18,3,low,12,moderate,79.5,MD
Linus,Downs,male,18,4,low,7,moderate,73.4,SC
Yoko,Castro,female,16,3,low,10,moderate,83.1,MD
Gregory,Evans,male,14,1,high,13,high,88,IN
Erica,Bond,female,15,3,low,16,high,100,CT
Uriah,Jordan,male,14,2,high,10,moderate,74.4,MA
Flynn,Haynes,male,17,2,high,11,moderate,81.6,NY
Cecilia,Santiago,female,16,4,low,7,moderate,68.2,NY
Devin,Roberson,male,14,4,low,15,high,99.7,WI
Astra,Leonard,female,16,4,low,5,low,69.5,TN
Cairo,Cardenas,male,14,4,low,13,high,85.9,CT
Riley,Valdez,female,16,2,high,12,moderate,79,FL
Nero,Witt,male,14,3,low,13,high,95.5,FL
Hyatt,Albert,male,19,4,low,15,high,87.8,FL
Arthur,Guerra,male,16,1,high,10,moderate,81.1,IL
Odette,Jacobson,female,18,3,low,14,high,88.3,CA
Ivory,Chapman,female,16,3,low,8,moderate,75.4,NY
Leonard,Gates,male,18,5,low,16,high,89.7,MI
Veda,Briggs,female,15,5,low,8,moderate,88.5,NY
Lenore,Freeman,female,18,3,low,3,low,76.4,NY
Ori,Gross,female,14,2,high,7,moderate,77.2,MA
Odette,Leonard,female,17,1,high,17,high,96.2,PA
Darryl,Lawrence,female,18,5,low,13,high,94,NC
Kessie,Mcdonald,female,17,1,high,2,low,62.2,OR
Kylie,Rivers,female,14,5,low,13,high,88.2,CT
Fulton,Mullen,male,15,4,low,9,moderate,72,MT
Gretchen,Reynolds,female,14,3,low,15,high,99.4,MI
Noah,Chan,male,19,3,low,6,moderate,74.9,OH
Magee,Sears,male,15,4,low,15,high,100,NJ
Caldwell,Case,male,15,3,low,9,moderate,71.9,MT
Ciaran,Middleton,male,17,1,high,5,low,73.3,NJ
Chase,Blackwell,male,17,3,low,17,high,95,NC
Abraham,Snider,male,16,1,high,4,low,73.3,PA
Timothy,Richardson,male,15,3,low,14,high,89.1,MD
Ignacia,Berger,female,15,3,low,17,high,100,MA
Octavia,Wilcox,female,18,3,low,11,moderate,78.4,OH
Quinn,Gallagher,male,14,5,low,18,high,100,IL
Christian,Herrera,male,15,4,low,12,moderate,89.4,TN
Jacob,Ewing,male,15,4,low,7,moderate,74.3,MD
Ulla,Brennan,female,17,3,low,11,moderate,83.9,LA
Zelenia,Vasquez,female,18,5,low,14,high,97.1,NY
Geraldine,Bass,female,14,5,low,9,moderate,84.5,WA
Morgan,Rutledge,female,15,3,low,13,high,92.3,CA
Morgan,Moreno,female,17,4,low,5,low,73,MD
Vladimir,Casey,male,15,2,high,12,moderate,83.5,MI
Michael,Wynn,male,17,5,low,11,moderate,80,NJ
Olympia,Long,female,15,3,low,10,moderate,84.2,NY
Richard,Ross,male,17,4,low,11,moderate,85.9,MT
Petra,Riley,female,18,4,low,4,low,63.3,NJ
Kirestin,Sloan,female,18,1,high,13,high,88.1,MN
Adam,Holloway,male,14,2,high,9,moderate,82.7,NJ
Moana,Carter,female,14,5,low,7,moderate,72.3,MN
Vielka,Crosby,female,17,4,low,18,high,98,OH
Indigo,Wiggins,female,16,2,high,15,high,93.1,OH
Autumn,Macdonald,female,15,4,low,10,moderate,78.1,OH
Jamal,Snow,male,19,1,high,12,moderate,86.9,WV
Kimberley,Key,female,19,4,low,11,moderate,93,MD
Ashton,Dotson,male,14,1,high,9,moderate,74,NC
Uma,Branch,female,14,1,high,12,moderate,78.5,IN
Haley,Duke,female,18,2,high,18,high,97.7,MD
Regan,Hatfield,female,14,4,low,12,moderate,81.1,NY
Gannon,Coffey,male,15,5,low,14,high,99.6,NJ
Gray,Jensen,male,18,5,low,20,high,100,FL
Inez,Slater,female,15,3,low,16,high,93,PA
Chester,Boone,male,15,2,high,6,moderate,64.2,CT
Jin,Valdez,male,19,2,high,2,low,77,PA
Brooke,Trujillo,female,16,3,low,12,moderate,79,MD
Keefe,Banks,male,17,5,low,7,moderate,77.7,WI
Harrison,Knight,male,19,5,low,15,high,95.8,IL
Ferris,Mullins,male,16,2,high,7,moderate,78.4,NJ
Olympia,Huffman,female,15,2,high,13,high,89.4,MD
Jane,Oneal,female,16,5,low,9,moderate,82.4,NC
Colin,Fisher,male,15,3,low,10,moderate,71.7,MI
Calvin,Ballard,male,19,5,low,11,moderate,82.5,NC
Kermit,Richard,male,19,5,low,12,moderate,89,NC
Dolan,Hyde,male,17,1,high,17,high,100,NY
Kendall,Mccullough,female,15,4,low,16,high,99.5,GA
Isadora,Ward,female,14,3,low,15,high,95.2,IL
Kathleen,Salazar,female,15,1,high,14,high,79.5,VA
Amanda,Garner,female,14,2,high,11,moderate,75.7,MN
Quinn,Dorsey,female,15,3,low,9,moderate,78.7,IA
Howard,Santiago,male,15,4,low,15,high,100,PA
Merrill,Rojas,male,15,1,high,7,moderate,68.1,AL
Mollie,Sweet,female,14,4,low,16,high,91.3,GA
Allistair,Pittman,male,17,2,high,13,high,77.1,IL
Claire,Francis,female,18,4,low,4,low,67.1,OH
Ulla,Russell,female,18,1,high,15,high,84.7,MI
Ocean,Carver,female,18,1,high,11,moderate,79.3,IL
Anthony,Whitney,male,19,1,high,11,moderate,74.2,GA
Mason,Mcgowan,male,17,1,high,17,high,100,OH
Cooper,Harrell,male,18,4,low,17,high,95.6,NH
Pandora,Ewing,female,19,2,high,12,moderate,88.4,NY
George,Fischer,male,19,1,high,6,moderate,75,FL
Kermit,Higgins,male,18,2,high,6,moderate,68.6,OH
Harlan,Cox,male,18,3,low,14,high,85.1,FL
Mariko,Le,female,18,2,high,15,high,91.1,NC
Rafael,Randall,male,16,2,high,11,moderate,71.2,IL
Xavier,Jensen,male,18,2,high,8,moderate,79.4,IL
Dorothy,Norman,female,15,5,low,7,moderate,77.7,MS
Camden,Lamb,male,17,5,low,11,moderate,88.1,VA
Gil,Duran,male,16,1,high,13,high,83.8,NJ
Ryan,Swanson,male,17,5,low,11,moderate,88.1,NY
Mikayla,Jarvis,female,16,2,high,7,moderate,67.3,CT
Beatrice,Matthews,female,14,1,high,4,low,61.1,ME
Halla,Vang,female,16,3,low,17,high,100,GA
Ingrid,Kennedy,female,19,5,low,7,moderate,72.1,FL
Celeste,Mann,female,19,2,high,11,moderate,88.6,TX
Shelly,Sutton,female,16,2,high,12,moderate,74.8,GA
Susan,Harvey,female,19,5,low,9,moderate,76.4,IL
Aurelia,Frederick,female,15,3,low,9,moderate,72.2,GA
Ivy,Justice,female,14,2,high,13,high,83.1,CA
Wesley,Douglas,male,16,1,high,14,high,86.6,PA
Armand,Pacheco,male,16,4,low,17,high,95.5,FL
Hamish,Simon,male,18,4,low,3,low,71.2,WI
Sloane,Kent,female,16,1,high,7,moderate,76.4,NJ
Denise,Keith,female,17,5,low,4,low,71.7,OH
Maxwell,Rhodes,male,18,3,low,11,moderate,77.9,IN
Elmo,Stuart,male,14,5,low,10,moderate,74.8,WI
Isabelle,Neal,female,19,3,low,6,moderate,67.9,GA
Cassidy,Owen,female,16,5,low,13,high,98.5,FL
Addison,Willis,male,14,5,low,13,high,91.1,MI
Clayton,Cervantes,male,16,5,low,11,moderate,84.1,NJ
Dillon,Fowler,male,16,2,high,8,moderate,80.6,TN
Garth,Gilliam,male,18,5,low,13,high,80.3,CT
Vanna,Reyes,female,19,3,low,11,moderate,77.3,PA
Octavia,Wolfe,female,16,5,low,12,moderate,81,NJ
Melvin,Burt,male,14,3,low,16,high,95.9,NC
Harriet,Long,female,17,3,low,17,high,100,NJ
Kendall,Keith,female,18,1,high,18,high,87.2,NJ
Yoshio,Wyatt,male,15,5,low,14,high,94.7,NY
Gregory,Myers,male,15,1,high,12,moderate,77.5,ND
Wylie,Clemons,male,15,5,low,9,moderate,88.2,PA
Shaine,Mcleod,female,16,2,high,18,high,100,NC
Sonya,Hooper,female,17,1,high,9,moderate,85.1,IL
Lacy,Rowe,female,16,2,high,12,moderate,76.5,MI
Amanda,Tillman,female,18,2,high,6,moderate,78.6,FL
Perry,Wright,male,19,1,high,10,moderate,86,MN
Melanie,Wilson,female,15,4,low,13,high,81.5,GA
Lev,Mcneil,male,18,5,low,7,moderate,77.2,NJ
Vladimir,Cochran,male,18,1,high,11,moderate,83,NV
Blossom,Henry,female,18,3,low,5,low,72.7,CA
Neville,Duffy,male,15,4,low,15,high,90.8,GA
Acton,Bright,male,14,2,high,8,moderate,67,FL
Mariko,Matthews,female,17,5,low,6,moderate,77,CO
Rafael,Villarreal,male,17,1,high,11,moderate,75.3,NY
Levi,Acevedo,male,14,2,high,6,moderate,63,MI
Declan,Warner,male,14,4,low,12,moderate,89.7,NJ
Raven,Sampson,female,19,3,low,16,high,86.1,GA
Barbara,Ratliff,female,19,5,low,8,moderate,88.7,IL
Sierra,Farrell,female,19,3,low,7,moderate,65.7,WA
Teegan,Duke,female,18,1,high,12,moderate,81.5,IA
Dolan,Hubbard,male,19,2,high,16,high,84.1,VA
Idola,Jacobson,female,17,5,low,7,moderate,70,NC
Zorita,Benson,female,19,3,low,12,moderate,85,KY
Beck,Mcconnell,male,15,2,high,10,moderate,80.1,AZ
Gillian,Norris,female,19,5,low,2,low,63.4,MD
Iona,Franks,female,17,3,low,12,moderate,77.5,PA
Zachery,Flowers,male,19,5,low,7,moderate,72.2,FL
Kiona,Freeman,female,19,2,high,11,moderate,85.8,CA
Scott,Atkinson,male,15,4,low,10,moderate,89.2,FL
Vivian,Jimenez,female,17,1,high,11,moderate,86.5,NY
Jermaine,Cortez,male,17,2,high,15,high,99.1,PA
Graiden,Cantu,male,14,2,high,7,moderate,66.6,NE
Keegan,Harvey,male,19,4,low,14,high,86.3,RI
Cedric,Acevedo,male,19,5,low,14,high,98.8,KS
Mechelle,Velazquez,female,19,1,high,5,low,72,MI
Jackson,Brooks,male,19,3,low,11,moderate,82.4,GA
Linus,Kaufman,male,17,2,high,17,high,91.3,PA
Zenaida,Ross,female,18,3,low,10,moderate,87.4,NJ
Larissa,Goff,female,17,2,high,10,moderate,79.7,MD
Lilah,Cooley,female,18,3,low,13,high,93.5,KY
Chastity,Mcbride,female,17,5,low,15,high,83.6,MA
Dustin,Barry,male,18,3,low,14,high,90.6,NY
Juliet,Golden,female,16,4,low,14,high,85.5,PA
Daphne,Mckinney,female,15,2,high,12,moderate,89.7,NY
Orli,Stein,female,18,1,high,4,low,68,PA
Gisela,Sharp,female,14,3,low,10,moderate,89.1,MA
Macey,Conley,female,14,2,high,16,high,94.7,MA
Jeremy,Shepard,male,14,5,low,15,high,92.3,IL
Duncan,Fisher,male,15,2,high,13,high,91.8,NJ
Tamara,Wright,female,17,5,low,8,moderate,74.2,KY
Hannah,Cline,female,17,4,low,12,moderate,79.8,TN
Alan,Mayer,male,19,5,low,12,moderate,76.4,NJ
Calvin,Dudley,male,15,5,low,5,low,77.6,MA
Merritt,Dean,male,19,2,high,9,moderate,68.4,FL
Lysandra,Buckner,female,18,3,low,14,high,81.3,NY
Ora,Kinney,female,19,5,low,5,low,75.4,MN
September,Norris,female,15,1,high,20,high,100,OH
Damian,Kaufman,male,16,1,high,9,moderate,71.3,SC
Mercedes,Delaney,female,15,3,low,8,moderate,82.4,PA
Mara,Irwin,female,17,3,low,11,moderate,85,IL
Tucker,Kidd,male,16,5,low,11,moderate,83.9,MI
Dominic,Banks,male,15,3,low,4,low,75.5,KY
Karen,Melton,female,18,1,high,6,moderate,77.4,OH
Fletcher,Conley,male,17,1,high,9,moderate,71.6,IN
Valentine,Manning,male,14,3,low,18,high,89.1,NJ
Larissa,Head,female,17,4,low,8,moderate,82.7,UT
Sacha,Travis,female,18,1,high,8,moderate,78.5,CA
Oliver,Harvey,male,19,4,low,11,moderate,86.4,NJ
Leonard,Juarez,male,19,1,high,11,moderate,79.7,GA
Jenna,Wagner,female,16,1,high,3,low,56.3,NY
Emily,Leblanc,female,16,4,low,16,high,89.4,WI
Marny,Whitaker,female,19,5,low,12,moderate,86.8,CA
Hanae,Jones,female,17,5,low,6,moderate,83.7,NY
Sharon,Burks,female,15,4,low,16,high,87.8,GA
Erin,Grimes,female,16,3,low,14,high,98.5,CO
Joel,Campos,male,17,2,high,18,high,93,PA
Emmanuel,King,male,18,3,low,10,moderate,86.1,FL
Damon,Carlson,male,19,1,high,16,high,88.5,NY
Erasmus,Hopper,male,15,4,low,8,moderate,73.4,NY
Sierra,Chandler,female,15,3,low,13,high,95.8,MS
Kennan,Sheppard,male,16,3,low,6,moderate,80.6,CA
Timothy,Oconnor,male,15,0,high,15,high,96.7,PA
Ferris,Avila,male,18,5,low,1,low,74.2,FL
Owen,Barber,male,15,5,low,13,high,81.8,GA
Buffy,Giles,female,14,4,low,11,moderate,79.9,OH
Malachi,Hudson,male,17,5,low,11,moderate,88.3,IN
David,Mayo,male,18,1,high,6,moderate,76.8,PA
Jermaine,Sims,male,16,2,high,3,low,60.5,MA
Lisandra,Boyer,female,16,5,low,9,moderate,80.9,IN
Colin,Banks,male,14,2,high,5,low,63.8,CA
Zane,Kane,male,14,3,low,7,moderate,70.3,IL
Aiko,Alford,female,16,1,high,11,moderate,83.1,NY
Akeem,Walsh,male,17,3,low,12,moderate,89.9,FL
Jaden,Ashley,female,18,2,high,11,moderate,88.2,MA
Brody,Duncan,male,15,4,low,9,moderate,76.4,MI
Velma,Taylor,female,14,2,high,10,moderate,74.9,PA
Wayne,Sellers,male,14,4,low,13,high,88.8,MA
Levi,Dotson,male,14,2,high,11,moderate,72,CA
Jack,Norman,male,18,3,low,12,moderate,92,NY
Carter,Turner,male,14,2,high,13,high,84.2,MT
Randall,Walker,male,16,4,low,13,high,87.8,IN
Kaitlin,Sears,female,19,2,high,9,moderate,74.3,MI
Zachary,Ochoa,male,19,1,high,10,moderate,80.6,GA
Ahmed,Olson,male,17,2,high,10,moderate,80,VA
Lunea,Garza,female,17,1,high,12,moderate,87.5,MD
Roanna,Oconnor,female,19,3,low,15,high,81.6,MA
Laurel,King,female,17,5,low,5,low,72.1,CT
Audrey,Barry,female,19,2,high,13,high,88.3,NY
Grant,Ruiz,male,14,5,low,14,high,95.5,MD
Idona,Morrison,female,16,1,high,17,high,90.2,MI
Harlan,Collier,male,17,3,low,14,high,96.5,PA
Indira,Nichols,female,17,4,low,10,moderate,80.3,VA
Ali,Raymond,male,18,1,high,6,moderate,72.7,PA
Hedy,Atkinson,female,19,2,high,13,high,79.2,IL
Isadora,Whitehead,female,14,1,high,7,moderate,75,RI
Noah,Burke,male,17,5,low,18,high,91.2,OH
Nathaniel,Meyer,male,14,1,high,6,moderate,71.8,MA
Chaney,Burks,male,17,2,high,12,moderate,87.9,MA
Angela,Macias,female,15,1,high,5,low,66,NC
Shea,Cervantes,female,19,1,high,16,high,92.9,NJ
Asher,Guerrero,male,14,4,low,15,high,100,GA
Kirsten,Lloyd,female,14,2,high,14,high,78,FL
Mason,Shaw,male,18,1,high,9,moderate,74.1,KY
Leonard,Salazar,male,16,5,low,8,moderate,69.9,NY
Riley,Cannon,female,15,4,low,7,moderate,70.8,FL
Shoshana,Collier,female,16,5,low,9,moderate,82.5,FL
Megan,Anderson,female,17,4,low,8,moderate,74.2,GA
Velma,Hardin,female,18,4,low,11,moderate,85.3,MI
Taylor,Butler,female,14,1,high,13,high,94.1,MN
Harding,Beck,male,14,3,low,5,low,66.2,IN
Brenna,Lester,female,16,3,low,6,moderate,71.4,CA
Lucas,Booth,male,19,5,low,16,high,87.8,NC
Vladimir,Brown,male,14,3,low,9,moderate,71.8,NY
Casey,Dotson,female,15,4,low,9,moderate,80.4,NY
Quon,Porter,female,16,4,low,5,low,69.2,FL
Baxter,Kirkland,male,15,2,high,8,moderate,76.4,MI
Tiger,Ochoa,male,19,4,low,15,high,98.2,CA
Maia,Norman,female,15,3,low,14,high,87.3,FL
Maia,Brennan,female,18,3,low,12,moderate,78.4,OH
Malachi,Reid,male,15,5,low,11,moderate,78.9,NY
Clementine,Rogers,female,14,5,low,9,moderate,90.3,MA
Zephr,Orr,female,19,5,low,13,high,97.3,OH
Gay,Ballard,female,18,5,low,11,moderate,88.7,MI
Leila,Riddle,female,19,5,low,9,moderate,72.9,PA
David,Rowland,male,16,3,low,14,high,91.3,NC
Travis,Shields,male,19,4,low,10,moderate,86.1,NJ
Kevin,Buckley,male,17,2,high,9,moderate,74.1,VA
Bryar,Watson,female,14,1,high,11,moderate,80.8,MI
Linda,Moreno,female,15,3,low,3,low,61.7,IN
Akeem,Tucker,male,15,2,high,9,moderate,85.1,KY
Leandra,Schwartz,female,14,3,low,4,low,67.1,MD
Flavia,Hurley,female,17,5,low,5,low,71.1,NY
Allegra,Davidson,female,14,5,low,11,moderate,80.9,NJ
Geoffrey,Wolf,male,17,4,low,13,high,82.5,NC
Wyoming,Sharpe,female,18,5,low,16,high,87,MI
Ulric,Martinez,male,17,1,high,12,moderate,81.9,FL
Adara,Barlow,female,15,5,low,6,moderate,68.2,CA
MacKenzie,Sawyer,female,18,4,low,9,moderate,77.4,MD
Brenden,Simmons,male,18,2,high,11,moderate,82.2,WI
Lewis,Buck,male,19,5,low,11,moderate,86.6,FL
Renee,Hester,female,18,2,high,6,moderate,68.4,MA
Burke,Bennett,male,17,1,high,3,low,65.8,CT
Kirby,Vance,female,17,1,high,15,high,97.3,NC
Katelyn,Pace,female,16,4,low,11,moderate,77,DE
Jaime,Mason,female,19,5,low,5,low,77.9,OH
Dillon,Kane,male,19,2,high,4,low,60.3,MD
Harper,Bryan,male,19,5,low,10,moderate,85.6,VA
Alden,Dickson,male,17,4,low,13,high,80.5,NJ
Jane,Stark,female,14,3,low,14,high,95,SC
Gray,Page,male,15,3,low,11,moderate,76,NJ
Colt,Mendez,male,15,4,low,12,moderate,94.1,OH
Matthew,Washington,male,17,2,high,13,high,85.7,MA
Abra,Tyler,female,15,2,high,9,moderate,71.7,IL
Xander,Meadows,male,19,1,high,7,moderate,68.6,PA
Brody,Sears,male,17,3,low,19,high,93.8,NC
Phillip,Sloan,male,17,1,high,12,moderate,87.9,CA
Barbara,Chang,female,17,5,low,12,moderate,93.7,NY
Petra,Bryan,female,15,4,low,12,moderate,92.5,CT
Blaze,Meyer,male,19,1,high,12,moderate,85.7,VA
Dylan,Rivers,male,16,5,low,9,moderate,90,FL
Clio,Glover,female,15,4,low,16,high,100,FL
Wynne,Miranda,female,16,5,low,17,high,95.1,IL
Shelly,Jenkins,female,14,5,low,8,moderate,74,NY
Macon,Koch,male,15,1,high,11,moderate,88.2,VA
Rae,Donaldson,female,18,4,low,16,high,89.8,NJ
Isaiah,Montgomery,male,16,3,low,12,moderate,82.3,NY
Garrett,Everett,male,17,2,high,0,,78.1,VA
Carson,Delacruz,male,15,3,low,16,high,96.4,MI
Warren,Garcia,male,16,2,high,12,moderate,82.3,FL
Yolanda,Watson,female,15,2,high,4,low,71.1,PA
Callum,Walls,male,16,4,low,10,moderate,76.9,MN
Lydia,Lindsay,female,15,5,low,15,high,83,CA
Galena,Sherman,female,18,5,low,16,high,92.1,PA
Marshall,Arnold,male,17,5,low,11,moderate,78.8,CA
Sasha,Fernandez,female,14,1,high,10,moderate,73.9,CA
Tanner,Velasquez,male,18,5,low,18,high,97.9,NJ
Gisela,Pollard,female,17,5,low,16,high,92.8,FL
Howard,Shaffer,male,18,3,low,14,high,97.1,WA
Kenneth,Curry,male,17,5,low,9,moderate,86.1,NC
Halee,Garner,female,16,2,high,15,high,93.8,NJ
Avye,Mccray,female,17,3,low,8,moderate,84.4,NY
Tanisha,Dennis,female,16,3,low,11,moderate,75.3,GA
Dora,Dalton,female,14,5,low,10,moderate,89.9,WI
Freya,Sykes,female,19,4,low,18,high,89.4,MI
Cassady,Ruiz,female,16,2,high,18,high,100,FL
Cullen,Strong,male,16,4,low,16,high,84.3,IN
Kim,Pugh,female,18,2,high,15,high,90.2,FL
Warren,Lambert,male,16,3,low,8,moderate,79.5,MI
Alan,Langley,male,16,1,high,18,high,87.3,NC
Blossom,Gonzalez,female,17,4,low,18,high,100,FL
Velma,Moreno,female,17,2,high,9,moderate,76.4,CA
Kaitlin,Ferguson,female,19,5,low,14,high,86.4,MD
Griffin,Burch,male,17,0,high,11,moderate,83,WI
Constance,Mcmahon,female,16,3,low,10,moderate,75.3,GA
Colorado,Cash,male,16,5,low,18,high,100,GA
Nolan,Small,male,14,3,low,2,low,71.5,MD
Hadassah,Grimes,female,15,2,high,12,moderate,79.2,MI
Fitzgerald,Rowland,male,18,5,low,9,moderate,80.4,NJ
Madeline,Mcconnell,female,18,2,high,11,moderate,80.3,IL
Nicholas,Garrison,male,17,2,high,12,moderate,85.2,TX
Marvin,Jackson,male,18,1,high,9,moderate,72.8,GA
Keiko,Simon,female,17,1,high,9,moderate,69.5,AL
Gray,Harrison,male,17,2,high,9,moderate,71.2,MD
Odessa,Shaffer,female,16,1,high,5,low,76.7,OK
Igor,Conway,male,17,1,high,17,high,100,MA
Denise,Sloan,female,18,4,low,20,high,100,IA
Rhona,Raymond,female,19,5,low,13,high,90.3,NY
Desiree,Webb,female,19,2,high,18,high,98.1,PA
Xavier,Moran,male,14,2,high,6,moderate,66,TX
Ivor,Clark,male,14,1,high,7,moderate,68.9,PA
Elvis,Allen,male,15,3,low,12,moderate,82.5,LA
Lester,Mcconnell,male,17,1,high,10,moderate,83.9,NC
Rashad,Sims,male,17,3,low,15,high,84.5,NY
Rhoda,Hill,female,17,4,low,7,moderate,72.8,OH
Honorato,Gutierrez,male,16,5,low,17,high,100,FL
Anjolie,King,female,15,5,low,13,high,80.8,NJ
Alvin,Randall,male,18,5,low,9,moderate,83.7,IA
Garrison,Durham,male,16,3,low,11,moderate,87.2,OH
Hunter,Roach,male,17,3,low,14,high,95.2,MA
Shafira,Bean,female,17,5,low,10,moderate,85.5,CT
Avram,Huber,male,18,3,low,20,high,100,FL
Macey,Duran,female,19,5,low,14,high,84,NJ
Penelope,Bernard,female,17,4,low,14,high,83.1,WI
Kane,Clay,male,18,4,low,8,moderate,70.6,VA
Alvin,Hodges,male,14,5,low,11,moderate,91.5,MI
Tanner,Head,male,14,1,high,14,high,80.7,KY
Kelsie,Solomon,female,18,4,low,10,moderate,83.7,DE
Cheyenne,Prince,female,15,2,high,4,low,61.3,FL
Hermione,Snyder,female,18,5,low,12,moderate,79.9,AL
Hanae,Cortez,female,18,2,high,12,moderate,83.1,NY
Vladimir,Rose,male,19,5,low,13,high,84.1,KY
Plato,Moran,male,17,2,high,10,moderate,71.8,CT
Ariana,Mcclure,female,15,1,high,11,moderate,78.1,CA
Nevada,Mcdonald,female,19,2,high,11,moderate,81.3,MS
Carter,Greer,male,16,3,low,6,moderate,71.4,NY
Clayton,Yates,male,16,5,low,14,high,100,OR
Gabriel,Goff,male,19,5,low,13,high,94.4,NY
Aurora,Nash,female,18,2,high,13,high,81,IN
Pandora,Petty,female,14,4,low,10,moderate,90.3,MD
Jocelyn,Byers,female,15,4,low,15,high,86.9,FL
Amos,Norton,male,17,2,high,5,low,69.3,IL
May,Rivera,female,19,2,high,10,moderate,77.3,NY
Cara,Simmons,female,18,2,high,7,moderate,81.3,NY
Dolan,Boyd,male,17,3,low,11,moderate,86,OH
Felix,Avila,male,16,5,low,11,moderate,89.7,FL
Abbot,Kramer,male,16,2,high,8,moderate,81,TX
Flavia,Hester,female,14,1,high,16,high,82.5,MD
Inez,Webb,female,17,2,high,4,low,60.9,NJ
Nigel,Snyder,male,17,1,high,11,moderate,77.3,PA
Ross,Hopkins,male,14,5,low,7,moderate,71.1,IL
Virginia,Witt,female,15,4,low,11,moderate,92,PA
Gloria,Pate,female,16,3,low,9,moderate,88.4,NY
Lyle,Salas,male,16,5,low,13,high,81.9,NJ
Oscar,Walters,male,19,3,low,9,moderate,79.2,PA
Chandler,Buckner,male,17,3,low,8,moderate,81.9,GA
Karen,Moss,female,16,3,low,7,moderate,71.8,GA
Demetria,Hensley,female,17,3,low,11,moderate,77.2,FL
Karly,Watts,female,19,2,high,11,moderate,89.3,IL
Lucius,Pugh,male,14,4,low,13,high,93.1,VA
Shafira,Rodriquez,female,15,4,low,17,high,98.1,VA
Sonia,Rhodes,female,19,3,low,11,moderate,83.1,NY
Rhona,Huffman,female,17,3,low,8,moderate,78.7,MT
Timothy,Bender,male,14,1,high,6,moderate,64,NJ
Colin,Aguilar,male,14,5,low,15,high,86,PA
Katelyn,Santana,female,18,3,low,14,high,82.6,GA
Jorden,Byers,female,19,2,high,12,moderate,87.6,MI
Josiah,Lucas,male,16,5,low,8,moderate,83.6,MI
Yuri,Joyner,female,14,1,high,3,low,60.8,MD
Carolyn,Rhodes,female,17,3,low,6,moderate,72.5,NC
Raja,Owen,male,14,2,high,18,high,98.6,SC
Brenden,Prince,male,14,2,high,9,moderate,72.8,NJ
Hector,Melton,male,18,4,low,12,moderate,88.2,CA
Wang,Stewart,male,16,3,low,13,high,79.1,WI
Nita,Castillo,female,19,5,low,10,moderate,92.1,CT
Gay,Carlson,female,18,2,high,20,high,100,IL
Kelsie,Obrien,female,19,2,high,6,moderate,73.8,NC
Lysandra,Mendez,female,16,1,high,12,moderate,92.2,MA
Brynn,Owen,female,19,2,high,7,moderate,75,MI
Harrison,Beasley,male,19,4,low,10,moderate,91.5,NJ
Carol,Dillard,female,18,5,low,17,high,100,FL
Leonard,Lynn,male,16,1,high,19,high,95.6,MI
Hyatt,Erickson,male,18,4,low,13,high,89.1,PA
Kirk,Holmes,male,19,3,low,6,moderate,77,TX
Lee,Hooper,male,18,4,low,15,high,99.7,MA
Adam,Hines,male,19,3,low,10,moderate,88.2,TN
Henry,Stafford,male,14,3,low,11,moderate,75.7,CT
Hop,Sanford,male,15,5,low,4,low,68.3,IN
Dolan,Ball,male,15,4,low,9,moderate,76.9,CT
Naomi,Strong,female,15,2,high,20,high,100,MA
Marcia,Perez,female,18,3,low,10,moderate,79.4,NY
Xenos,Workman,male,14,1,high,10,moderate,85.5,VA
Oscar,Mason,male,18,4,low,15,high,90.3,NY
Miriam,Poole,female,15,2,high,17,high,95,FL
Chiquita,Monroe,female,14,3,low,7,moderate,74.6,MI
Chadwick,Harrell,male,17,1,high,12,moderate,90.3,NY
Warren,Warner,male,19,1,high,5,low,62.6,NJ
Griffin,French,male,19,2,high,11,moderate,73.2,NJ
Keegan,Savage,male,18,3,low,10,moderate,70.7,SC
Skyler,Olson,female,19,3,low,7,moderate,66.3,NJ
Maggy,Kim,female,17,1,high,11,moderate,85.1,IN
Leandra,Ortiz,female,15,1,high,15,high,89.5,NY
Unity,Waters,female,17,2,high,12,moderate,91.6,FL
Mufutau,Sanchez,male,19,3,low,7,moderate,66,WI
Jaden,Hayden,female,18,2,high,5,low,61.2,FL
Raya,Kane,female,18,4,low,6,moderate,83.1,MN
Montana,Bell,female,17,4,low,11,moderate,88.9,NJ
Astra,Rodgers,female,15,4,low,6,moderate,75.3,NJ
Chandler,Wooten,male,15,2,high,13,high,87.5,OH
Galena,Hale,female,16,5,low,3,low,72.1,CT
Darrel,Wood,female,19,1,high,14,high,91.5,KY
Ali,Hartman,male,14,1,high,7,moderate,76.9,NC
Colorado,Sullivan,male,19,1,high,10,moderate,76.2,MN
Gannon,Joseph,male,16,2,high,12,moderate,93.3,NY
Omar,Pittman,male,14,5,low,2,low,66.6,FL
Hoyt,Tanner,male,14,1,high,15,high,90.2,VA
Cameron,Bridges,female,18,4,low,7,moderate,79.3,MA
Uta,Cohen,female,16,5,low,7,moderate,83.9,IN
Gavin,Sloan,male,16,2,high,16,high,87.9,PA
Kay,Wright,female,14,3,low,15,high,83.5,MD
Joan,Kramer,female,17,2,high,13,high,89.8,OH
Mercedes,Wood,female,15,4,low,10,moderate,79,CA
Brynn,Vasquez,female,15,2,high,11,moderate,87.5,NJ
Justina,Berger,female,18,4,low,11,moderate,90.2,FL
Camden,Petty,male,19,1,high,16,high,88.2,OH
Angela,Mcdaniel,female,18,1,high,8,moderate,73.3,LA
Leandra,Acevedo,female,14,1,high,15,high,94.4,CT
William,Mosley,male,14,1,high,4,low,64.2,NC
Odette,Acosta,female,15,2,high,6,moderate,68.2,MA
Ava,David,female,18,1,high,8,moderate,75,PA
Xavier,Pugh,male,15,2,high,3,low,69,OH
Amethyst,Logan,female,18,4,low,6,moderate,66.1,PA
Ulric,Gay,male,19,2,high,10,moderate,80.9,KY
Brandon,Sherman,male,18,1,high,13,high,83.1,MD
Dolan,Anderson,male,15,2,high,8,moderate,72.3,OH
Aspen,Ayers,female,14,2,high,14,high,96.8,PA
Signe,Bentley,female,14,1,high,6,moderate,71.8,MI
Lunea,Perkins,female,14,2,high,10,moderate,85.3,MS
Alvin,Bullock,male,16,1,high,18,high,90.1,MI
Herman,Potter,male,17,4,low,14,high,88.4,PA
Keane,Morales,male,17,4,low,14,high,97.3,ID
Peter,Douglas,male,18,5,low,7,moderate,83.2,NJ
Neil,Carr,male,16,1,high,13,high,79.1,NJ
Cairo,Rowe,male,14,4,low,11,moderate,88,MS
Caryn,Townsend,female,18,5,low,14,high,83.5,NY
Aspen,Carlson,female,16,3,low,6,moderate,77.2,WI
Josiah,Dennis,male,14,1,high,14,high,86.1,CA
Gareth,Coleman,male,17,3,low,15,high,83,GA
Germaine,Harrington,female,17,2,high,10,moderate,85.3,SC
Lev,Brown,male,17,2,high,10,moderate,71.8,NY
Jackson,Ballard,male,19,1,high,19,high,91.2,NJ
Martin,Weber,male,14,1,high,14,high,77,NY
Drake,Kelley,male,19,5,low,13,high,96,MN
Armando,Hutchinson,male,17,3,low,14,high,97.5,SD
Clark,Wilkins,male,16,4,low,10,moderate,89.2,ND
Wanda,Jones,female,16,3,low,14,high,84.7,FL
Shay,Luna,female,17,3,low,8,moderate,77.7,PA
Quentin,Hines,male,17,4,low,16,high,85.5,KS
Karleigh,Jackson,female,15,3,low,13,high,97.3,NJ
Xaviera,Howell,female,14,1,high,17,high,92.5,WI
Clayton,Avery,male,18,1,high,11,moderate,86.9,CO
Oprah,Stevens,female,15,5,low,10,moderate,78.7,IL
Katelyn,Conway,female,19,5,low,10,moderate,74,TX
Amal,Terry,male,15,4,low,3,low,66.3,MN
Akeem,Patterson,male,18,3,low,8,moderate,76.2,GA
Aubrey,Carrillo,female,18,4,low,16,high,87.1,NC
Candice,Jarvis,female,14,4,low,8,moderate,68.9,OR
Colby,Whitley,male,19,3,low,11,moderate,82.8,OH
Cooper,Thomas,male,16,2,high,12,moderate,80.1,NJ
Whoopi,Lang,female,15,5,low,4,low,76.1,VA
Mona,Lester,female,17,2,high,12,moderate,78.8,MA
Jocelyn,Quinn,female,19,1,high,4,low,61.1,MI
Reece,Heath,male,14,3,low,12,moderate,83.5,IN
Vera,Molina,female,14,2,high,11,moderate,83.6,MI
Caleb,Francis,male,17,3,low,11,moderate,76.8,CO
Buckminster,Knox,male,18,3,low,11,moderate,79.6,LA
Dexter,Dalton,male,14,3,low,8,moderate,72,FL
Gage,Tyler,male,19,1,high,14,high,77.7,OH
Kendall,Adkins,female,14,1,high,13,high,85.7,NJ
Charles,Sears,male,18,1,high,4,low,74.3,MI
Brynn,Oconnor,female,18,5,low,5,low,64.7,NJ
Alec,Sparks,male,15,2,high,13,high,90.1,NJ
Rogan,Conley,male,14,4,low,10,moderate,71.9,CA
Hashim,Clark,male,14,1,high,8,moderate,79.9,NY
Quintessa,Byrd,female,19,2,high,7,moderate,73.5,NY
Odette,Merrill,female,17,4,low,7,moderate,85,CT
Xander,Woodward,male,14,2,high,9,moderate,71,FL
Jenna,Bartlett,female,17,2,high,12,moderate,81.7,GA
Kylan,Sutton,female,19,1,high,10,moderate,81.7,OH
Dahlia,Bowman,female,18,3,low,8,moderate,82.3,CT
Phillip,Savage,male,19,2,high,19,high,100,NJ
Maxwell,Blake,male,15,2,high,17,high,100,VA
Louis,Joyner,male,19,2,high,19,high,100,FL
Sophia,Allison,female,17,5,low,9,moderate,82,WI
Vera,Russell,female,18,4,low,16,high,100,WI
Ann,Reese,female,16,4,low,14,high,93.1,NC
Calista,Montoya,female,16,4,low,17,high,91.5,MI
Len,Hamilton,male,17,1,high,13,high,90.1,AZ
Bo,Hendricks,female,19,3,low,9,moderate,79.9,NJ
Wilma,Farrell,female,14,2,high,15,high,80.7,FL
Yael,Hatfield,female,19,2,high,18,high,100,MN
Salvador,Perkins,male,16,2,high,17,high,99.9,MA
Roary,Howe,female,16,1,high,18,high,85.4,NY
Christen,Nelson,female,15,4,low,10,moderate,73.9,VA
Graham,Morse,male,16,5,low,16,high,99.3,VA
Judah,Vega,male,15,4,low,13,high,95.2,SC
Geoffrey,Warren,male,18,1,high,12,moderate,86.6,CA
Slade,Delgado,male,14,5,low,10,moderate,83.2,RI
Danielle,Hartman,female,16,4,low,13,high,89,FL
Murphy,Michael,male,14,1,high,19,high,100,NJ
Kareem,Fisher,male,18,2,high,14,high,82.5,SC
Henry,Lowe,male,14,2,high,8,moderate,78.4,NC
Keely,Moran,female,18,5,low,11,moderate,84.3,KY
Honorato,Savage,male,15,3,low,13,high,93.9,NY
Chaim,Sawyer,male,18,5,low,12,moderate,77.1,PA
Todd,Horn,male,19,4,low,17,high,88.7,UT
Tara,Cook,female,16,3,low,10,moderate,77.1,NY
India,Macdonald,female,15,2,high,15,high,85.5,VA
Alfreda,Farley,female,16,2,high,13,high,76.8,NY
Paki,Schwartz,male,17,3,low,16,high,90.6,NJ
Harper,Harris,male,18,5,low,10,moderate,73.3,NE
Charles,Moon,male,17,4,low,10,moderate,87.3,SC
Michelle,Cross,female,14,5,low,11,moderate,95.1,MA
Porter,Cameron,male,15,4,low,7,moderate,81,VA
Clayton,Nelson,male,16,4,low,10,moderate,86.4,WA
Inez,Reese,female,19,2,high,8,moderate,74.3,TX
Levi,Coleman,male,19,3,low,3,low,55.9,NJ
Lyle,Sampson,male,18,1,high,10,moderate,88.8,NJ
Mariko,Lynch,female,18,1,high,7,moderate,69.5,CA
James,Morrison,male,18,3,low,13,high,82.7,NJ
Tatum,Grimes,female,15,1,high,15,high,91.1,TX
Lyle,Kline,male,18,2,high,10,moderate,76.6,PA
Isabella,Stewart,female,19,2,high,17,high,92.5,VA
Gage,Harrington,male,17,2,high,11,moderate,77.2,GA
Graham,Bonner,male,17,1,high,12,moderate,88.2,TX
Helen,Levine,female,18,4,low,17,high,94.5,CT
Chanda,Sellers,female,15,3,low,5,low,64.9,NJ
Karly,Ramirez,female,17,3,low,8,moderate,86.6,MN
Fitzgerald,Goff,male,18,1,high,4,low,59.8,PA
Jayme,Ferguson,female,19,2,high,12,moderate,90.7,MA
Angela,Watts,female,17,3,low,9,moderate,81.5,NY
Dana,Chen,female,15,3,low,12,moderate,93.7,VA
Ifeoma,Melton,female,14,5,low,8,moderate,75.1,CA
Cairo,French,male,14,5,low,9,moderate,87.2,NY
Fitzgerald,Welch,male,16,5,low,16,high,93.4,SC
Carlos,Price,male,15,3,low,20,high,92.4,OH
Macy,Hawkins,female,19,5,low,15,high,84.1,OH
Halla,Norman,female,15,1,high,7,moderate,68.4,OH
Illiana,Riddle,female,16,3,low,9,moderate,82,IL
Juliet,Good,female,14,5,low,15,high,100,VA
Tamekah,Perez,female,18,4,low,5,low,70.9,NY
Lucian,Myers,male,16,1,high,7,moderate,64.9,NC
Isaac,Webb,male,14,5,low,11,moderate,80.9,CT
Hakeem,Roth,male,17,5,low,10,moderate,90.6,NC
Basil,Santos,male,17,4,low,10,moderate,84.1,NJ
Nora,Gaines,female,19,3,low,15,high,98.9,CA
Malik,Goodman,male,15,3,low,18,high,86.8,FL
Abbot,Kinney,male,16,4,low,18,high,87.5,OK
Tanek,Mclaughlin,male,19,2,high,14,high,89.5,FL
Phyllis,Moore,female,18,2,high,14,high,92.4,NC
Vance,Byrd,male,18,4,low,17,high,91.5,MS
Sandra,Foreman,female,14,5,low,14,high,86.4,MD
Carol,Orr,female,15,2,high,12,moderate,87.3,ID
Zenaida,Page,female,17,4,low,18,high,95.6,NJ
Ezekiel,Wilder,male,15,2,high,4,low,62.8,NJ
Reece,Baker,male,14,1,high,12,moderate,84.6,OH
Gail,Mcneil,female,17,2,high,3,low,56.1,IN
Neil,Collins,male,17,4,low,12,moderate,94.9,MA
Piper,Trevino,female,14,1,high,7,moderate,73.4,NY
Maxwell,Phelps,male,14,3,low,7,moderate,68.7,OH
Iris,Carr,female,18,1,high,14,high,79.2,NC
Zoe,Collins,female,16,2,high,15,high,83.7,NY
Kevin,Townsend,male,14,5,low,2,low,60.1,FL
Orson,Stone,male,19,1,high,16,high,85.1,CA
Lionel,Dodson,male,18,4,low,13,high,84.9,OH
Mari,Collins,female,18,3,low,15,high,97.5,PA
Stewart,Kidd,male,19,1,high,9,moderate,80.7,MD
Levi,Horton,male,17,3,low,8,moderate,85.5,NY
Phelan,Frye,male,16,5,low,19,high,100,GA
Jeanette,Allison,female,17,1,high,9,moderate,85,NY
Xanthus,Mcneil,male,16,3,low,4,low,59.8,FL
Keelie,Valencia,female,17,3,low,9,moderate,84.2,TN
Lillith,Bradley,female,16,2,high,19,high,92.4,GA
Sandra,Richards,female,19,4,low,9,moderate,71.9,VA
Jarrod,Strong,male,14,3,low,11,moderate,76.1,SC
Yolanda,Hull,female,14,5,low,8,moderate,80.3,WI
Felix,Coleman,male,17,5,low,16,high,87.3,MD
Luke,Morrison,male,19,5,low,2,low,70.1,CA
Rana,Sawyer,female,17,1,high,16,high,88.5,TN
Adena,Robinson,female,14,3,low,19,high,100,MD
Bert,Hayden,male,14,5,low,14,high,84.9,PA
Jada,Spence,female,15,5,low,7,moderate,74.6,TN
Orla,Waller,female,18,4,low,17,high,91.3,WI
Hayden,Griffin,male,18,5,low,8,moderate,83.5,MD
Demetria,Espinoza,female,16,5,low,17,high,92.5,NC
Castor,Mullins,male,18,4,low,12,moderate,82.7,IL
Alisa,Randall,female,19,3,low,13,high,80.3,FL
Maxine,Estrada,female,14,3,low,17,high,87.4,WI
Wilma,Tyler,female,19,3,low,4,low,67,MO
Kirk,Mckinney,male,14,5,low,10,moderate,83.7,WA
Nadine,Clarke,female,15,1,high,7,moderate,70.1,PA
Brianna,Holloway,female,18,4,low,18,high,100,FL
Thane,Stevenson,male,14,4,low,9,moderate,82.4,IL
Yvette,Franklin,female,14,5,low,8,moderate,72.8,GA
Ezekiel,Mays,male,19,2,high,7,moderate,74.5,VA
Armando,Mccarty,male,15,3,low,13,high,93.8,ME
Kaseem,Finch,male,18,1,high,16,high,97.1,RI
Lydia,Cook,female,16,5,low,7,moderate,71.7,WI
Tatum,Hall,female,16,1,high,7,moderate,75,AZ
Erin,Mercado,female,15,4,low,9,moderate,71.4,IL
Beatrice,Price,female,17,4,low,14,high,82.5,PA
Carlos,Ingram,male,16,5,low,17,high,98.7,FL
Neve,Barnes,female,19,2,high,9,moderate,79.8,NJ
Aileen,Sutton,female,18,5,low,16,high,91.4,MA
Craig,Roberts,male,14,1,high,5,low,66.4,IN
Chelsea,Holloway,female,19,4,low,12,moderate,91.4,PA
Emerald,Mckinney,female,17,3,low,8,moderate,78.4,MD
Nero,Kennedy,male,14,4,low,14,high,88.3,IL
August,Green,male,16,2,high,9,moderate,87.2,FL
Colleen,Holland,female,18,1,high,5,low,70.2,NJ
Zenaida,Maynard,female,16,2,high,19,high,91.3,WA
Lavinia,Carr,female,16,2,high,4,low,62.2,FL
Stone,Miles,male,15,4,low,12,moderate,87.4,WA
Aurora,Gould,female,15,3,low,18,high,90.3,CT
Carlos,Aguirre,male,16,4,low,7,moderate,82.2,MI
Randall,Weaver,male,18,1,high,15,high,83.1,NY
Armando,Mcclure,male,19,2,high,14,high,93.2,MD
Haley,Mcgowan,female,17,3,low,16,high,90.4,MO
Fritz,Rojas,male,17,5,low,13,high,79.5,OH
Allistair,Boyer,male,14,3,low,10,moderate,74.2,NC
Ella,Patterson,female,16,1,high,8,moderate,68,FL
Felix,Freeman,male,15,4,low,11,moderate,75.2,NJ
Dean,Oneil,male,16,2,high,8,moderate,74.5,MA
Quinlan,Hawkins,male,14,3,low,18,high,85.6,MD
Kiara,Lott,female,17,2,high,12,moderate,82.7,NC
Kai,Woodard,female,17,5,low,17,high,100,MI
Maxine,Raymond,female,17,4,low,19,high,91.9,TN
Leah,Lawrence,female,15,5,low,15,high,100,CA
Kalia,Lewis,female,18,1,high,6,moderate,61.4,FL
Anthony,Palmer,male,14,1,high,14,high,93.1,GA
Joshua,Randolph,male,15,1,high,4,low,72.7,NJ
Akeem,Luna,male,15,4,low,6,moderate,74.4,NC
Indigo,Mccoy,female,19,2,high,14,high,91.3,TN
Price,Wall,male,15,5,low,11,moderate,78.6,MI
Quinn,Patterson,male,15,1,high,14,high,78,IL
John,Ford,male,14,2,high,14,high,91.2,FL
Adena,Battle,female,17,2,high,8,moderate,70.2,NH
Craig,Obrien,male,16,3,low,7,moderate,64.9,FL
Isabelle,Barber,female,14,5,low,9,moderate,78.5,NY
Risa,Watson,female,14,2,high,10,moderate,74.3,MD
Emerson,Gill,male,17,5,low,5,low,67.5,FL
Cody,Shepherd,male,19,1,high,8,moderate,80.1,VA
Geraldine,Peterson,female,16,4,low,18,high,100,NY
Mercedes,Leon,female,18,3,low,14,high,84.9,UT
Lucius,Rowland,male,16,1,high,7,moderate,69.1,MT
Linus,Morris,male,19,4,low,10,moderate,79.6,NJ